"id","X1.methylhistamine","X2..deoxycytidine","X2.Methylbutyrylcarnitine","X3.deaazadenosine","X3.indolepropionic.acid..3.IPA.","X5.Aminolevulinic.Acid","Acetoacetic.Acid","Acetylcarnitine","Acetylcholine","Adenosine","Alanine","Anandamide","Anserine","Arachidonic.acid","Arginine","Asparagine","Aspartate","b_.aminoisobutyric.acid..BAIBA.","beta.Alanine","Betaine","C4.butyrl.carnitine","Cyclic.adenosine.monophosphate..cAMP.","Carnitine","Carnosine","Choline","Citrulline","Creatine","Cysteamine","Cytidine","Cytosine","gamma.Aminobutyric.acid..GABA.","Glutamate","Glutamine","Glycine","Histamine","Histidine","Isoleucine","Isovalerylcarnitine","Kynurenic.acid","Leucine","L.Homoserine","NG.monomethyl.L.arginine..L.NMMA.","Lysine","Methionine","Methionine.sulfone..MetSul.","N.acetylglutamine","Norephrine","Ornithine","Phenylalanine","Phosphocholine","Proline","Riboflavin","Serine","Serotonin","Spermine","Taurine","Thiamine","Threonine","Thymidine","Thyroxine","Trimethylamine..TMA.","Trimethylamine.N.oxide..TMNO.","trans.HYP","Tryptophan","Tyrosine","Uridine","Valine","a.keto.b.methylvaleric.acid","HMGcoA","X3.hydrooxybutyrate..3HB."
"C59.1",25.2100633178626,19.561454309166,19.6277682381717,16.3004313277508,18.1484220126054,16.8523162897827,18.3725198480151,24.5619261293972,25.2159339156319,29.68292437252,22.9564943134512,18.0465646928917,20.3829196054369,23.896928883023,27.2220291196753,20.9838216034305,25.2475656992277,17.8681336741222,21.2405481374135,27.0312337920531,21.8459534097477,15.2993442255425,26.0332106102788,21.8703874183428,22.3779521990503,23.2674424022926,24.7458702532253,16.6212361278196,23.7363696315029,23.4085970532366,17.2470080075,27.3926636006201,21.54846384295,17.8552228979782,19.5245694239395,24.659839669114,21.1833618566421,19.6469417811433,22.7073330424484,23.3290891056829,21.9856211019496,21.6783002183128,22.4656557243195,21.474449299807,22.3533162177844,23.2318785994038,21.6229372545263,22.1435746092371,24.8110850263549,22.3812341890654,26.8964396961486,25.4102932026593,19.1960375530495,20.9159825320593,24.3699870215926,23.90702183169,21.8911863023065,22.024105575413,19.2451645091089,17.142749952324,26.0462904433048,20.7637962396917,24.14961753995,23.9074327133386,22.315013769492,23.6632268268029,23.9613322251048,18.8201953157153,18.9217180921762,17.8962594435647
"C59.2",25.1930586520447,21.4700097644457,20.0424213911325,17.8829830415499,20.2738874813705,17.2066207494811,18.2352827784983,25.914892318515,25.6041280033183,30.5656906320874,23.4798788661063,17.9132002918485,19.7809409819067,24.7438063300875,28.271471632933,21.8190651289368,25.8873189714337,19.2825291577322,21.2217084120828,27.0339664662728,23.9842864483966,15.3549655482474,26.8289397020879,21.0004152570308,23.1537646083217,23.6901325773266,25.0602364181096,17.380215330352,25.7246183853949,25.2895692607191,18.5019798506177,27.6116109692562,21.9197843928073,18.5914252415392,19.8501003020655,25.9457466547015,20.9237635730248,21.7966499221142,24.156345614498,23.8045401186582,22.1318594165269,21.7445912261154,23.8073102854307,21.3086546799573,22.68535485331,24.1774940651208,22.1206859201044,23.4425350532243,24.5517270192346,22.3875109215578,27.8204770335598,24.9700553150544,19.4124843316557,21.4649895871751,24.9214460475106,25.114071157957,21.2804734591468,22.1160943785201,19.3942955882212,17.850302002973,26.7309755895461,21.3983786312925,24.5377501096792,24.6524748856115,22.6692756693815,23.7581569784954,23.9317555484432,19.8007830709996,16.2907769753892,18.3059835570285
"C59.3",25.5081393278409,19.898385134622,20.055910089741,18.1240473413232,19.4650526591525,16.1996181270679,17.9142685951959,22.9287663998236,25.7192250953723,29.1873522481569,23.6111687534147,18.074610304845,17.4172334242367,24.8635363519383,27.8181232754635,20.2621098434995,25.6717832769035,18.4745989051674,21.2466780837102,26.2196773937978,19.6783057250132,15.7198167291329,25.5156707703154,21.1378555390777,21.8639185238892,24.2293221939535,25.371369795901,15.7396058825516,25.5307974248614,24.916681689853,18.0491622417371,28.379197970314,22.0692409968074,18.6523140853212,20.7832958628865,24.6809326813061,22.5131410222797,17.9807863077004,24.0720929140693,22.7946082562074,22.7553037173928,21.6456360624444,24.2920087802172,22.6992862847414,23.4643703040339,23.9526902058453,21.5189802306311,22.7720509174155,26.175335646312,22.413458216307,27.5920901031042,26.3267550756001,19.9413037677584,21.8185057505925,24.182452200613,24.0590864764889,21.4483074865653,22.8133814463302,19.4699001053623,17.5121318557044,26.1664669169729,21.1890735731515,24.819288515778,24.7763364459796,23.466401827438,24.6051898229085,24.7059996994111,19.5241908263162,16.1003252497658,19.8041572818874
"C61.1",25.9542132911468,21.5530475385349,20.6406752221182,19.2248001507392,20.3294127571858,15.4660193897243,18.2477192211275,23.5257612451337,24.5464498723601,30.7071071173967,22.7280092345998,17.9971924398804,15.9207669786564,23.5755716284313,27.0390840840023,18.7333387506677,26.0923563459575,17.539951663579,21.2734964113186,27.0678206125945,21.1457129241041,16.2726127804208,25.4088742050417,21.5115296507938,22.5977122104141,23.827529872446,25.6414106331009,16.8782610360627,26.207976206833,25.6627483259248,17.0210138682597,27.2246349627138,20.8799099720491,17.5873556600093,20.1518538799308,24.6474712397042,21.852698654374,18.2791283045776,23.2607931945662,22.323676679699,22.1645226620385,20.6418631343527,23.5745816370237,21.8748134994364,22.5083792567933,23.2621408842928,21.1514843720305,22.3377329056872,25.5578063001481,22.4086625894998,26.9442146993257,24.5638906604381,19.0991459876945,21.4160281336614,23.1419163240548,24.4615425325728,20.5143064708293,22.1477160424852,18.6453039124015,16.0782130990019,26.0210421879673,20.9593354231198,25.104726502947,24.4198938588671,22.4487933502673,23.9719907868155,24.5436516660073,19.4825867774878,16.5169195384661,20.5281634086226
"C61.2",25.437663670745,21.2228633002396,20.7875460267997,18.7930954707644,19.7058729157143,17.2003616861611,18.346420442633,26.6215434323052,24.5234975753482,30.5493941836352,23.2967870473646,17.9398434809192,17.6560037209042,23.7989988529699,27.0502118507973,20.261706076364,24.542023053568,17.8314448420558,20.9729151004885,27.2958741744471,24.1368724253301,16.5591970088462,25.8345742801485,21.4680703242177,23.4512982178288,23.1075585944794,25.3430330780002,16.2423282046985,26.3762825588863,25.7904451489711,17.4735895940477,26.6139328384463,20.7900219275609,18.328594894982,19.3301599091355,25.1871685653007,21.5807946223155,21.6532707267634,24.0930025033338,23.7537551610595,22.0280338293185,21.1549740139466,23.8526683338413,21.5345528131934,22.4517316310627,23.5734472688573,21.8623053741128,22.8160328357912,25.2294994380209,22.4194168085002,27.1954389474363,24.570319108834,19.6549035313297,20.8120350671944,24.4116960037852,25.5205922917895,21.4529565852728,22.0862445360499,19.0485779454759,16.9743562573578,26.4829824888755,22.1216131635568,24.8377946875625,25.1729124656981,22.4779355974482,23.154550037627,24.4356031819297,19.2353273973328,16.1051294057877,18.9239100830343
"C61.3",25.2263216620552,21.8909960707048,20.3335903829134,19.2376563929584,21.2589219555829,14.9513651441852,18.1445314776923,24.249291984695,24.2161199790068,30.8167382550389,22.6391440977977,18.0893787000395,17.0865158804271,23.7379720773335,27.4566844582702,19.7532356089733,25.9004533874097,18.1566715702621,21.1233691448357,27.0971546727111,21.4497837196399,16.3368331527732,25.5666155973684,22.0359896468106,23.1442081080261,23.9793073605527,25.3676150867319,16.9939824259055,26.8921525310096,26.3011239768293,17.41894523588,26.9347873993844,20.5628119783343,17.9030865939733,19.4382257493506,25.5126792771047,21.5214696032295,19.3729180643758,23.4583442080289,21.7520106239537,21.9067578219514,21.4236565480598,23.7205514891074,21.8637240895877,22.5889541863803,23.6708821673058,20.7048990316551,22.8619579018645,25.2776575057175,22.4192155138734,27.0461966361184,25.251740263907,19.2618432135136,21.6007123266808,24.6248017175219,25.4026365540694,20.9365301211394,21.8875498527675,19.6119269226087,16.7060372854303,26.2403630991617,20.7885313240586,24.8003459563327,24.7052773699197,22.5778051834329,23.4194951405424,24.2034656096059,19.7237389453378,15.9934477718835,18.8563852870245
"C62.1",25.4450661795394,21.1846246144296,20.5085687375387,18.6308119250064,20.128938046492,14.9580403579683,18.1308512429577,23.8414482067564,24.2543042606493,30.4093356752046,23.1809620098278,17.8585290792226,16.3769233415398,23.2310662559145,26.6405109122645,20.5826916943199,24.9521866186233,17.4912857886194,20.9685291502248,26.8245373832581,22.260755737308,16.9340311434597,25.7582399028256,21.8525221119761,22.9144385502974,24.1113079403239,25.4197778337144,16.573871127427,26.2669429444355,25.6421844048478,16.7929439237775,26.525375409841,20.5273375093202,18.0180613987721,19.6760096142939,25.1006441698251,22.1616328366104,20.2865826228341,24.6507439161006,21.8213292501331,22.3367382047957,20.6052041807921,23.987723364533,22.0651876699448,22.9961259280782,23.6323144901434,20.6747116803026,22.1836699296207,25.5586344140428,22.2760431935928,27.3377369235499,25.3088624023799,19.6352789617859,21.4929800763953,24.6305157653074,24.599392706849,21.5596489350232,22.3480285354654,19.4067437292936,17.1586435221815,26.0657573109221,20.2514291791755,24.8352096639105,25.2010117490333,22.8962040378832,23.6496520307412,24.9035538822764,19.0019610829737,15.3936693694243,18.6208896698536
"C62.2",27.0659073607327,22.1548675417327,20.7582320252239,19.3102823429296,20.7874161297422,14.8770928229782,18.2094446692269,24.4138429061355,23.6497369001442,30.9282784479464,22.8670103435504,17.6179168606368,18.0097938029031,23.259771327046,25.2812957484085,19.8692395876737,25.4504385418841,17.6195722157378,20.9071589666306,27.2665236513417,21.3535175674023,16.6600809732325,24.642037101712,21.8648082909223,23.3595924717969,24.9743931414193,25.3161433105854,16.8527162125716,27.0435217226321,26.7022773861543,17.0509278742044,27.0307403409037,20.0765895814084,18.5108699783112,20.0607973536167,26.2292196186482,21.5758643376702,19.192014196494,23.986992364899,21.7249827228002,22.1638387741315,20.2624481518221,23.8548251370553,21.9326431734915,22.943340874179,22.7975155655347,21.0254954101965,23.51368787231,25.3428467017485,22.4820484997412,27.6461536335811,24.565811532608,19.2578667763447,22.6483775592578,22.6830709814927,25.0486389636371,21.5872379766807,22.239845241371,19.1657860790247,16.2935964285926,26.3202978547442,20.9337538272354,24.9004097418607,25.4815277195963,22.8829709799129,23.7824466874931,24.0678764010207,20.2887924274861,15.2956533862974,18.9504529570353
"C62.3",25.3081282749897,21.2448675455378,19.5624700112668,18.8421277297719,19.4629107839347,17.3370150972113,18.4080739125087,26.3164272927749,24.3286783498785,31.143535495903,23.5175068586667,17.7462552316706,17.4303620929928,23.4883275243298,27.4175892708486,19.0665487413343,24.9913179657706,17.7769684229933,21.3388490337161,28.1661196926027,23.2361994470299,15.7821707938183,26.3231744214598,21.4333675139304,24.1479010339949,22.5730187757366,25.6614074402003,18.2985862017245,26.1141549584091,25.5408174721821,17.353723136382,26.6374987606761,20.6725559896681,18.9508383650391,20.2897303853978,25.2066674220067,21.8670077284238,22.3344704318109,23.2281710051112,24.1046498182711,22.28578196694,21.216825625007,24.0620213471671,21.7494707662674,22.5182215512009,23.3698977354995,22.1044031164072,22.5116187701559,25.6973460750581,22.426704426411,26.7878067180696,24.4128843055103,19.7037322499202,20.2639163482071,23.5750820221645,26.0095237409831,21.5041006064789,22.2856925104422,19.5236903221751,16.0222337553575,27.0327906613883,22.6908765394857,25.0626327085969,24.3738909190348,22.4913151754587,24.1119526271224,24.3389247487775,19.1466191313624,15.1927142637248,20.7679675653251
"HF58.1",25.1962551400293,20.6572056091402,18.9924797120868,19.293916036114,18.7516875684194,19.0516065705349,19.6629006525794,27.5358472231919,25.2366261095763,30.4674191759136,24.583768569855,17.7827144233384,19.1849802315782,24.4022883261476,25.8483325372843,18.0213388144543,26.4578957219166,20.2268916917104,21.0697324271233,28.0304567366698,26.6443463441448,15.1438326406287,27.4545037680937,22.8201934331594,24.2484468654114,24.7177149643358,25.1163518451236,16.4264961263018,26.4851367041436,25.9904963903764,19.4236093532654,27.9266567608864,21.4724778980943,19.5557843324258,20.751018033279,26.396579291273,22.6638246653604,25.1325524748342,21.9313939585538,25.6391119094431,22.9998290988103,22.3816299979911,24.5653429468947,22.8631641345265,23.6660877393959,24.3840487570222,21.6621434627445,23.606297284982,26.6163884439871,22.3358729776431,27.8368830313838,26.7435856064346,20.2821164483319,22.365960917648,25.7629764062423,26.2288916259905,23.4109348123776,22.982304818379,19.9599713538483,17.8238269672735,27.2356680007193,21.736804950794,24.5825921534494,24.8058942128089,23.6261449206246,24.5225053787208,25.3634063490805,20.0446135127411,16.1749464424205,21.6710437925674
"HF58.2",25.2426538352968,21.4427919175472,20.2981275781664,19.0552680034946,20.5640058559638,16.5389364375363,17.8961070535169,24.698320341455,25.2191856691494,30.3319050902079,24.2698417420355,18.267805624405,17.2925708945829,24.7944169341731,27.9166922759613,21.2156397189607,26.2504057731424,18.6262181006379,20.4750744481547,27.0290653414552,22.6575404942203,16.0049916893457,26.5879123253099,22.6795233239607,22.9198215793837,24.793629840677,25.0506270130441,21.5213775314392,26.6144229235481,26.0417046578499,18.092625470204,28.1378192385669,21.5749156265026,18.9070208710579,20.7118818019942,26.6494776238507,23.5020490878314,20.3519783207496,20.7664254594216,23.5652055854413,23.4498992434428,20.7913909723807,24.8477456779759,23.3614951335231,24.1307324879284,23.754011481304,21.3420433029574,23.2335285376849,27.2753714913047,22.4292080848801,28.0083884968834,26.5311807590203,20.3164498244224,22.3242606096673,24.8013456107928,25.4315067414146,23.1247034204975,23.4878134319689,20.2005869196427,17.5650831319635,26.4568957699904,20.1129703649837,24.4932162744544,25.9203268612996,24.0994886103717,24.6558231292914,25.6656325250021,20.1535004941935,17.4465740160249,19.0691676569317
"HF58.3",25.3711972784715,20.2486484373502,19.3517621357075,18.019327854155,18.9217283271086,15.509773289064,18.3184573730873,23.6443040751488,25.3868396473867,29.9151822001453,22.9598586050773,17.7664188743143,16.0947735877848,24.1030583728836,25.4233638695177,19.0553128773655,25.5342043349955,17.8289217800008,20.9770051654675,27.0609143846235,21.221163294149,15.4262141040449,26.2057078752593,21.2471741841496,22.2882811679948,24.4984710906787,25.1543848480261,21.0184283218223,25.402806965187,25.0128231559086,17.5011885002022,27.435689361375,21.6946525728206,18.00313997415,19.7760888941215,24.6536296488771,21.7375940042036,19.1331186977205,22.7950761054598,22.589445341804,22.1344006925418,21.496712696452,23.447865012447,22.2157353372388,22.5425131397084,23.2226135000675,21.2276310027754,23.0380428421167,25.7831818172795,22.5043096430966,27.0718559206142,26.0224320451621,19.5078475906795,22.0906517149581,24.0079011118546,23.8873369714794,23.0117755440142,22.1496394528309,19.2973468706024,16.9822907848152,26.1414758204269,20.5132413429541,24.5521054679997,24.3480619581445,22.4657879635667,23.7156507116168,24.2815112611885,19.6587807509265,19.2012640498691,19.4052889020298
"HF65.1",25.3805881802033,20.6088645020474,20.7286800536056,18.7529694376945,20.4922257649789,15.2451451084998,18.1582355284076,24.047429907053,24.3853565673795,30.1643584764131,23.1317548466498,17.6492529982398,15.8721010253525,23.7693158033413,24.8464102231223,19.1910486141767,25.6797692770932,17.9998150341306,21.1057585097077,27.8473497552347,20.7955669933919,15.4721814835822,24.4389452473872,22.1665400421839,22.76353354768,24.4493487040133,25.2779511687738,16.2714619313136,25.8545182019245,25.3043266064221,17.4691021910397,27.2919853044975,20.7264536551536,18.1056328663613,20.532232349174,25.6478230780444,22.1305826848611,18.5708436272471,23.6123997253781,22.2486793739921,22.2956932087251,20.6655294228066,23.7387704660187,22.400725039297,22.6956616508219,23.1820167128053,21.1691896767614,22.9754562079632,26.3874562755181,22.4700704171684,27.3415040733797,25.7116832911881,19.3975405039699,22.0887931163983,24.3181514921355,26.1756439825676,22.6182790720484,22.3237852362886,19.5669939510987,16.0783783706982,25.9412720659824,20.4792495700316,24.7613248370489,24.8765429037472,22.6488642920388,24.5522557128947,24.6051998279776,19.5233092427816,18.3533083575602,18.7190565798127
"HF65.2",25.2068349312921,22.0000096761068,20.6602205284762,19.7090175735927,21.0130474326538,16.8837955971546,17.9321532012392,25.9890336797059,24.3088383875386,30.752175757076,23.5161414655041,17.6296493937363,18.2572109045869,23.3662452416145,27.0186746983343,21.1315848731729,25.3632698885826,17.7741797411162,20.5257126765991,27.4880980543534,22.2893068168619,17.6688438621286,25.5697334901422,23.1240711218053,23.193801406321,24.8464158530004,25.3279479132398,17.1486220001562,26.9850180573396,26.444196208104,17.1557134287403,27.0840892423635,20.6222440573775,18.7215245683233,19.9888005877133,25.5300717052655,22.7878337781275,19.9755369023624,23.3731016478574,23.2695299229791,22.8387365601606,20.8430905976912,24.729075886236,22.5705211428117,23.3044064223138,23.933940043869,21.4411585272739,23.7558063772607,26.3841606875386,22.3694772145061,27.5524146790865,25.8186669090208,20.1310804896174,22.5094346426658,24.4700890881882,26.4640296004323,22.9708169230817,22.8847602820978,19.0766050233966,16.4603288349384,26.3243579060944,22.0916543385819,24.8572099611702,25.347165070296,23.2412191328749,23.9839860184969,25.3836129540759,20.0396375504389,15.4520245664865,19.7648815823233
"HF65.3",25.3038791929428,21.1177675700682,20.3593326356348,19.2300842415524,20.7961471736412,16.8251183320039,17.9786284575099,24.9719831810592,25.2310516629087,29.8652739226119,23.6516857621892,17.9629439836211,16.5035621577132,24.2225971995837,27.1202452717687,20.9352009119757,26.4030894128974,17.9114745156949,20.5977558132254,27.1680331627822,23.1975155694589,16.3413532206349,26.3718915170407,22.6299538411796,22.5796116043792,24.4946606133062,25.1647509886761,16.4258022659577,26.4297880103286,25.9261136389504,17.4196585503762,27.6681434783488,21.5070604299061,18.3215396356379,20.2286566755174,25.1129087138269,22.572402361824,20.2816590498829,22.8052131810605,23.4647235084112,22.5784778801034,20.8937757952015,24.2074880562051,22.902649414206,23.0051211519236,23.5814684040885,21.3184766854735,22.9520395097823,26.6592713257977,22.3500229190684,27.603791554651,26.8469702127991,19.8942574309379,22.1302709371179,24.8139898745887,25.0647354309164,23.597017719965,22.5806288134429,20.0042280691419,17.6374444358489,26.1763265209687,20.5043364060281,24.5763633037818,25.2534683388314,22.9891711618405,24.10881507402,24.8844804606478,19.8761918406416,17.3657230586828,19.4286998485389
"HF67.1",25.2765526533177,20.7309170062846,19.5357600832154,19.0176116490399,19.3570844381053,15.7545277318044,18.2313521653893,24.1001159394093,25.2729383489894,29.8260960615542,23.1759213056854,17.8883137155677,17.0372737705759,24.254997272543,25.2191102543796,20.444667843304,26.5154975104844,18.2404150330975,20.9266935108728,27.2112477373707,20.7308093824549,15.7843482954055,25.7324729482687,22.0561326107887,22.0706621806985,24.9845002516026,25.3169397561761,15.8164866678989,26.0113902650242,25.7146978597761,17.6757779453595,27.9148794526626,21.6473749890992,18.1709317205781,19.5204714974796,25.7361154271551,21.9472631931474,18.2765960422744,22.8718924469605,22.511121524104,22.3527346499233,21.2253395764727,24.0851368557048,22.4554735939177,22.7209285462366,23.6402276545669,21.2820087205796,23.3229227355372,25.8852627036536,22.5009774948954,27.3932391602884,26.5725692738689,19.7253163668999,22.5421203266439,24.778167222234,24.8826239805758,22.5073477440128,22.3991281257849,20.1705408861489,16.8835648795656,25.9589410140873,20.7163510904563,24.7324514498271,24.3649620505212,22.6527244644507,23.2716503239778,24.2046182681152,19.6809482631039,16.1060281904169,18.1326950440859
"HF67.2",25.2768053712328,21.5376859786972,19.7875155241754,19.3756994358093,19.7901154085219,15.9377920113275,18.1099557594654,23.4968562425181,24.9334090636112,30.3849221260471,23.6405106657944,17.7366751982174,16.8788267253099,24.079655653679,24.5740736319701,20.2167660554347,26.4170354257419,18.78797655611,21.0995678006775,27.2303800138509,21.2771794837877,16.2953836026399,25.1209897257947,22.867304790602,23.0334373208655,25.4435822037134,25.3260063053906,16.501623095884,26.6667005861092,26.3567824299445,18.2379984751596,27.7064364559381,21.2480883963514,18.7325725734564,19.5731296648012,26.1155148352877,22.8480039483102,19.1284706981435,22.4810763386373,22.5743751525733,22.7646978723606,21.7640710598636,24.3463032026419,23.1888558914298,23.3879239962845,23.8170276647435,21.3295118630773,24.2628702019114,26.9331712508465,22.3894924826826,27.7952232518919,26.4916407902061,19.6434714922654,22.7924547207688,25.4131894471621,24.8087066711945,23.3719074255083,22.8102382580261,19.4428486402539,16.7528467235672,26.29689967894,20.4356963433714,24.7727051108175,25.1563005688988,23.3501849321114,23.696481341663,25.1402105714588,20.1779209341609,16.4786326985585,20.2966223656113
"HF67.3",25.3512487323396,22.6558954893276,21.4348834856338,19.4898910340937,20.2346987549498,14.9542178257521,18.1972438103254,23.1913081281705,23.9931688459751,30.9427561622532,24.3766590359326,17.675329537007,17.6055634085565,23.0984305903677,24.9296201213169,20.6423059886138,25.9328402100301,18.9595593867427,20.3974338453836,27.1612703881162,20.4524593839391,17.0661598142591,24.756076776447,23.2474168001731,23.0018935140302,25.6170288616482,25.0566391141864,15.5839594900558,27.4382039999903,27.2346795433118,18.3029485696646,27.9070130686413,20.2579064082513,19.9314810691829,19.9548099196782,27.0905584064954,23.9044366811257,18.1827310167208,22.994856703201,21.6711031681692,23.5084452126278,21.1122499535802,24.9565491720022,23.47895029195,24.206709627344,23.5488799036002,20.8465177381675,24.8334606330447,27.3228115246696,22.3895357847013,28.028647430547,25.9428268685255,20.0189227442497,23.2067036400359,24.8750511505526,26.6109386307132,23.2892156140579,23.5138776917068,18.81240673494,16.978046242899,26.0343233020794,20.6272199922113,24.5506796423684,27.1970168864878,24.1590081985277,23.7631009687835,26.3353940262103,20.4080086512115,15.7178927395364,19.08259196386
"HFHS56.1",25.2598443367165,19.7854153318532,19.9706242495013,18.5185929768695,18.8281457405384,18.122115884765,19.5072104296648,26.9376032393848,25.5640400769369,29.6089700280156,24.0146512680836,18.012477685718,19.6100540615229,24.6846069216115,25.7297475878737,18.698894721214,25.6688968979229,19.6408538069843,21.1572782213156,27.9793335901753,24.5419607158319,14.8769862377117,26.7483682599995,21.4062785333927,23.8818362601737,24.309249774119,25.1024682424187,17.0565769136893,25.7027390967161,25.289514081501,19.0657847996701,27.5072850078949,21.875209960575,18.9180646410345,19.4521889757062,25.280431289808,21.7518134092187,23.0774902001117,22.5769992178706,24.6046940101247,22.3113485042037,22.0063033956762,23.7982962149661,21.9955040616377,22.6865208544117,24.0078390089663,22.2928859189482,23.4580988609523,25.7105064339277,22.357053687079,27.6144646892069,26.5131534347323,20.0002842809343,21.8910993123194,25.4160382614702,25.6604976246813,22.8269639683726,22.2777890357353,18.7499501492344,17.3275323375342,27.0357702788148,22.6462667421006,24.6131066023848,24.4250068502648,22.6564819021665,23.4594865377855,24.4030967582612,19.5166595043711,17.9779251264021,21.4455798603078
"HFHS56.2",25.2609143775029,20.1306386853709,19.8345680743092,18.7049030703144,18.3624378262648,16.0519373260312,17.8762031559657,22.964234058335,25.6506506245558,28.512212192741,24.3380271744647,18.1361231589517,19.7621218974959,24.5443176292139,27.5736247020949,21.3996581233178,26.1637520056188,19.4640832693383,20.6399809924725,26.5516000767896,20.9135700296566,16.1002691833846,25.7384387130112,22.8543266571284,22.9473394390418,25.1360603844564,24.9847228895317,16.5308809623005,26.2014013046808,25.7306410671034,18.8695827474284,27.7521579959479,22.0198089028401,18.9113329424272,19.1147079049499,25.8716951397945,23.91081533359,18.9509476602058,22.6825033472532,22.7729718644813,23.487808341942,21.2165080636872,25.0550663239103,23.5037025701346,24.1596320547886,23.9924291083829,21.185020440583,23.350276137615,27.4310921076735,22.3523146030025,27.8528176489039,26.9805691971969,20.3581026411828,22.6578256536958,25.1260011205909,25.2899246379886,23.4112608499117,23.5184639951004,19.4747659425936,18.0224318732474,26.5649434296669,20.2925821417435,24.467089218402,25.9941796664639,24.1553043028316,23.1903405959788,25.9937127695726,20.151590597169,16.6692494144147,19.6594737989444
"HFHS56.3",25.3395667672004,20.4241521521959,20.6272916041538,18.9861612720884,16.8827009066473,17.8334098939381,18.146935309558,27.2779025858735,24.6006935093028,29.6046508469239,24.2713667326432,17.8362266889064,19.2699530241817,24.5457175168997,26.9648307241177,20.5549615168784,25.8481514089444,19.5532787221764,20.7346925631624,27.2392946382798,24.6865686994683,16.5959721553714,25.7945080097392,22.5632909402146,23.2919065197106,25.2866888972903,25.2924405764881,15.9826883733469,26.3316718934868,25.9858838659737,18.8618987825417,27.5431644187175,20.9616547284168,18.8230950942664,19.1615295087443,25.7676736894937,23.7913529512497,21.5741373498426,23.4303333141055,24.7477218115096,23.4480259774167,21.3598671036138,24.9121545195179,23.5696573959451,23.964287683706,24.1180574254934,21.8616116794607,23.6013417204807,27.5821821158339,22.4146111020415,27.6940513468053,27.1062201029573,20.837244871349,22.9322851527113,24.5767591605272,25.0165991277022,23.471176708821,23.4813940780536,19.0605710865183,16.7003521362706,26.3186720845163,21.2451689426518,24.7735349004415,25.8946467918319,23.9563992393699,23.038608740418,25.7331399465772,20.2614419942725,16.5764126334204,20.4398286057074
"HFHS57.1",25.2617706521901,19.8322919220116,19.4773057049858,18.7018365155559,19.1237956652025,16.7250644807944,18.1096796411608,25.1665012870815,25.7185673466108,29.2234263876096,24.0390905712714,18.2350521373073,19.1722712975576,24.4900403312315,25.2161236315465,19.7291096061156,25.9512395188464,18.9491663950243,21.1091987988029,26.8054614055366,22.6876675464508,16.2194073410479,26.5394673528288,22.311451137959,22.307562972832,25.2611832997209,25.0140056548599,15.8905633229713,25.80996104984,25.3161293616528,18.4097487546179,27.9161197609536,22.0401867039308,18.4096328895434,20.2178470221617,25.2921306705274,23.0459482028157,19.7557270915895,22.5439718205298,23.2256239581369,23.0445276145265,21.100614649618,24.324039106377,23.022185889997,23.4325831413895,23.7343745974374,21.5340772708248,23.160967797633,26.7873291805089,22.4925411800188,27.455302307102,26.7986808428508,20.1791013748493,22.87441261213,24.5738824930579,24.2674629010192,22.7590374839199,23.0594422663454,19.7961381739607,17.6052629924423,26.3143390809295,20.7467439564471,24.4993234330827,24.9659254328002,23.3893621492667,24.1404625905169,25.1793256766512,20.200098863487,17.1681986883862,18.6887720931077
"HFHS57.3",25.3172823156469,20.0978860051565,20.7413564786436,18.4899382044922,19.7701486417767,17.1663135784392,17.8697786244109,24.897145138376,24.9200470887767,29.0574489301081,24.3839486304058,18.149523332358,19.1067679744556,24.8335401246636,27.9329879635676,20.7104173059131,25.8970405579842,19.0411836807564,20.4226682704707,26.8054832846711,23.8462450183962,16.663050992872,25.1523955730324,22.7543703420662,23.2825606313898,24.7347196183968,25.0645585015661,16.3702740834081,26.1466828693439,25.6292953001653,18.3100566203393,27.3450917618542,21.2113584165157,18.8880256064406,20.3079912483366,26.0108428347318,24.1766786295329,20.7681316756992,22.7897233312735,23.670536446573,23.5234424103129,21.1086571742528,25.2565407894626,23.7991788691788,24.5046467625411,24.2777119977349,21.4012512069846,23.7444532664936,27.8557978626088,22.3670869492292,27.6647386997973,27.3982750320457,20.7467283477036,22.392869024292,24.8271338727652,25.6481116923643,23.5002581420676,23.5992663357323,19.1030043626393,17.6268880968955,26.4709233027829,21.3657613466436,24.4468919005557,26.3916812986035,24.4426049720795,24.1736846770932,26.341017085227,20.2872994765392,17.5957464776451,19.7627901113849
"HFHS66.1",25.4939409238121,19.6577589085327,20.228937228071,18.2697381103064,18.2392572713648,16.7402325573808,18.0181807569512,25.0755376474961,25.8199675586226,29.1617230765668,23.7821204660387,17.9042043086668,16.7485419967177,24.1109089671072,24.6873225327185,19.4122709520259,26.6482530575281,18.4222724820606,21.1767430975269,27.2458996372812,23.3193460025679,15.4612166689911,27.0150068897203,22.2939495421359,21.7518366548434,25.3148720165689,25.0924453767293,16.2403375957092,25.6606895135068,25.2281548249706,18.0585254985615,28.1694655827619,22.2079089639105,18.465546935372,19.7776014324013,24.9683503211803,22.5597418312452,20.7799686198797,24.1687327268458,23.3385050803946,22.4594514309065,21.6667621423954,23.8273012494403,22.8715266420525,23.2637035693456,23.7700179344302,21.4449183928639,23.1304620102524,26.1947062783155,22.3069226608877,27.6380637990119,27.0976988409805,19.5742840650754,22.8470515108402,24.9244035771976,24.1026752971206,22.253886394927,22.5184771467463,18.9255940609286,17.8858926617478,26.2601493851247,20.6024235196862,24.518411036249,24.9007163551698,23.2444672768934,23.7574004107143,24.8834199193097,19.792892528267,17.8826792385991,19.528481690832
"HFHS66.2",25.1724182472298,20.8391546419475,20.1238921424484,18.9176702206457,18.8580149489393,14.5441120016811,17.8214645688951,21.7125053142063,25.7047199091506,29.2313032551811,24.2512037847714,17.8778423616109,15.3028465940409,24.0047801119156,25.9537044708578,21.2994553112154,26.057474136832,18.2138763718076,20.6342826233512,26.3221238050758,17.3295899546627,19.390067696227,24.6760569204637,23.2137264436307,21.5369305109168,25.8724598592949,25.1187025947748,16.1499956783217,26.4281170367047,25.9050096810044,17.7598791315764,27.9447843774115,22.0381795582537,18.7040640761938,19.9743978114568,25.2110135689691,23.7667666947624,17.3410443802614,24.1330426142771,22.0752892607368,23.1335481076683,20.6303587639554,24.3146817996384,23.8747266479814,24.179052400727,24.0354304754785,20.800697950093,22.4131590957889,27.5611047705048,22.3818964189309,27.5871446624606,27.4682459166497,20.5315632078142,23.4508820058697,25.3465911059504,22.8165752166959,22.8236588294206,23.1773610861156,20.0606106468045,17.6873984173469,25.9115373125031,19.9176728328523,24.6519584984878,25.489993377744,24.1994625220397,24.0455204773466,25.7792905100137,20.1542607575552,17.3563725147289,20.1343163684654
"HFHS66.3",25.5183587054212,20.3763535037082,20.344995049938,18.7119518944663,19.7144654923671,16.3753769641455,18.2794727529732,24.3048376610401,24.6609183136308,28.9400739778913,24.1227184526145,17.6693240786512,16.856004900988,23.8745010784245,27.0806650792753,17.7725248779053,24.9891734598105,18.1949355878953,21.0054668355072,27.0518726894948,22.7816685554565,16.14079602533,25.0930290453065,22.5662746333503,23.2003831863695,24.5050869446412,25.5267594682073,16.4462497238217,25.7809447542517,25.2622284533757,17.8726353226965,26.9635796554489,20.8464495662013,18.3546840621589,18.9852282882852,24.717277538942,23.0260842935615,20.9934595400486,23.3380839002346,23.2151965295852,22.7809596501245,21.4000282153019,24.2033310467039,23.0679531731527,23.5930763407347,23.6398409695795,21.6748073727329,22.5940109341165,26.8592918981788,22.2835420586497,27.5232217817654,26.6421344569112,20.1242010054855,22.1189929238369,24.57108159484,24.7227808413255,22.6599149259615,22.8076804644922,19.5507324208123,16.9425838870112,26.3313313279506,20.3585553753014,24.9312634523478,25.1786891745894,23.5085331963874,22.9732808344465,25.29960293875,19.9063360567891,16.9217770365789,20.2407408042101
"HS60.1",25.459883075472,19.6965107650653,19.7500436991769,17.9661843538702,18.9060236457735,16.7763068484967,18.0403021462151,25.5253229907479,24.8154099888648,28.7738311252973,24.0023998516103,17.9601570019374,19.8222586415655,24.2692317711048,28.1966497412835,21.6611803482749,25.2747994829488,18.2030431789706,20.7057993787092,26.9380751454055,23.3688588456172,16.9958719016128,25.6749709208649,22.5485220159566,23.2969236530976,23.6880667782795,25.1351835310925,20.5859377746502,25.7728241496915,25.2178214030049,17.6614727743897,27.1585248231151,21.1256195801018,18.5176631896028,19.6882379685355,25.7236454171759,23.356687028182,20.7201208345374,24.6655035989157,23.4121714653771,23.0592056414542,21.0484251614514,24.8187825914868,23.2310221019165,23.7391156221924,23.925512128356,21.374651549917,22.4816233877437,27.0637777090021,22.4586754223874,27.5090919111422,26.2245815086932,20.5082481361855,21.3184309992492,24.6330425469378,25.0924279348791,23.4902987169035,23.047436756856,19.4739546198502,17.5699226171046,26.3756396759669,20.6672522865737,24.5463413556416,25.3519856785796,23.7277396727679,23.7380389886466,25.5726303866556,19.9114835904639,17.4218847981806,19.0499761921168
"HS60.2",25.9434452460853,20.8875305093938,18.5505187051299,19.4867002038547,18.0641558707647,15.7154557644126,18.3230996098149,23.9041332110147,25.1602057927307,30.5203760187391,22.4840876905835,17.8438716518253,19.5186810391365,23.7472125018408,26.0868402986922,18.1656827949345,24.7681388413922,18.2474936096449,20.9458894998057,26.8403937900186,21.2936603593075,15.7950279894546,26.4466243266723,22.0738176966357,22.3727706195325,23.896203946463,25.3052038772262,17.182238757756,26.7497916236628,26.1637898780897,17.5079128312187,26.8522845985086,21.4601578655875,17.4813164829344,19.5699104638715,24.0434965277292,20.6905444588343,19.4883222547819,23.9593072344122,22.6124229018447,20.8313447240911,20.7499903541861,22.4068885713025,21.2754840827416,21.2994388444362,21.1460429385582,20.9646159135005,21.8850226024723,24.5541661041195,22.4781200097121,27.0212662493397,24.8937639324941,19.2765304966831,21.4772182665665,22.8693955816589,22.7313555473569,20.452803540274,20.8498274055681,18.1651558662269,17.2850459691894,26.0363240708457,20.9034766289368,24.7051383900979,22.9753604817932,21.3161489113954,23.3744845735906,23.1974948018289,19.2240736933168,16.6577157517591,18.6517695511992
"HS60.3",25.5631556008669,20.285884549443,19.2236621369444,18.8405680646486,17.8576070231334,19.3390931096505,19.0967230732291,28.8340205236347,24.4914027255089,29.7558368429306,24.2532626087313,17.860062402078,20.0477734152805,23.4660315738656,27.0294394873484,19.1836107524564,24.4626350243452,18.2678059991071,20.9785731829171,27.6584686697242,26.998800199771,16.8447936533832,27.2224893510701,22.7471499650646,24.1551735213834,23.573888393379,25.3533487000235,21.2702780928187,26.2385949997781,25.6082919123049,17.3977224705475,26.6964575441023,20.8250652627397,19.0157398401531,19.9862461117405,24.9214383545071,22.3848207337033,25.3096019372614,23.9850011463227,25.7722929642407,22.5159376098485,21.0673383030351,24.5007989781411,22.531993326053,22.7503727459927,23.3257184122201,22.5359456570077,22.375622862422,26.1207788705933,22.2942950391322,26.8414159696694,25.1073391507549,20.0905341539348,21.1846565368147,23.354454518479,26.6477303299688,21.877271879643,22.5203195843164,17.8180739406805,16.7288878798323,27.1260411356865,24.4606996191608,24.8280149376258,24.1142215635017,22.7102888618714,23.7977261182637,24.6219053227281,19.5107430555037,17.3970756151181,22.3664775342872
"HS63.1",25.5082192513151,20.9018881123754,19.2590691283155,18.641719319832,18.9181583687527,15.5301794804104,18.1999585830605,23.4088762851239,25.3554619919779,30.4748949368189,22.4599332426225,18.0415784615172,16.622017476095,24.3471055794691,27.0686260711056,20.7234170243311,24.1964109827297,17.3680495018531,21.2205444742989,26.6449542219285,20.5141086983722,16.6514588969774,25.8014079568419,22.1185422683267,21.6987204321608,23.4361288247071,25.3628242184974,16.5331990256403,25.8860039594626,25.2807777757509,16.8882042663975,27.4553009133078,21.698311526355,17.2155677629885,20.4572180620839,23.6433145393969,21.42858022969,18.1416391178271,23.7874571851209,22.1112538556399,21.6370796971802,20.7396026394578,23.412766316719,21.7183342833282,22.0548992550094,22.8560967195163,21.3787033911377,20.7908965181041,25.0983490799286,22.5028552020194,26.5258578115744,25.1879450578955,18.9765206386164,21.0000175211445,23.0987789537486,22.5681914634798,21.6971061453712,21.6441783780023,19.5369343009817,17.4626424183646,25.7707039377997,20.5560630658212,24.7612419304053,23.8875763435663,22.0091206270997,24.2135251393449,23.8134660821453,18.471008696231,16.8418695466834,19.0852955290181
"HS63.2",26.3023714542664,19.5498823169286,20.4803157428373,18.523636942652,18.9633528672642,16.3079145810565,18.1739043179053,24.4426160561525,24.7320105628149,29.1988478699536,23.8172897608616,17.9165045394544,17.4350195347309,23.3442086081868,28.0985905918036,21.6700092930577,24.6475784863609,17.2830825339042,20.9374279545925,27.4544143889064,21.7675735096099,16.1696627058355,24.8656343091607,22.8928549113659,22.1088935948669,22.3226793786275,25.3484907928222,18.717000514784,25.5735349180704,24.9396426129116,16.9235304301569,27.0326655635754,21.0268771541905,18.1415167834961,20.5013310303835,25.2263108025916,23.5868426038932,19.6285419935502,23.5795587833014,23.0117334571566,23.0230166849352,19.9832929795451,24.4397867535442,23.2339156430052,23.7637059572726,22.8071636944372,21.3921356471374,21.4117432509515,27.0782697699586,22.4746448348244,27.3968842819797,25.4127303653767,20.2985198225803,20.3863845139179,22.1609104981323,22.6950692163341,21.7931397908175,23.0628123371154,18.2834309787912,16.7570618963192,25.6011539166099,20.3561398603028,24.7423283770717,25.3209192343821,23.6780705792867,24.2899621807196,25.7128973569571,19.4925441556253,18.4073090322251,19.6312613642412
"HS63.3",25.4910844654631,20.5405885964123,20.6313486856893,18.6786803581995,18.6958010356649,17.0033034181354,18.2626554046546,24.9527385976803,24.7163391739216,29.4852484836348,22.9336011501663,17.5981934657589,18.6767519244197,23.4579033595601,27.3501874532189,19.7084568628919,24.1606469285745,16.7382929266679,21.2645745328763,27.2736094281304,20.4627909136627,16.6853586308591,25.7428460205211,22.9939918044376,22.7707129374376,22.6757108123608,25.5841418999842,17.5438281921337,26.081691678177,25.4647065118269,16.6197158995908,26.7838608208055,21.0307754109327,17.2421291843691,19.2654338473261,23.9398238135211,21.8635004320369,18.7384540180123,23.6903252367362,23.5679534357565,21.3529362559341,20.1541658486084,22.976073088777,21.9236489464947,22.37842475093,22.9079717050141,21.8737272400101,21.1845598645782,25.6142263458351,22.4236246303111,26.8508990306967,24.7849437104779,19.276498635323,20.3252119626001,22.4767841326457,23.0452997116271,21.2779500110546,21.3551287854446,18.6083805059728,16.0766906088224,25.9574534733296,20.616802342086,25.0225937994321,23.8297872958687,22.3667743424243,23.1194312304962,24.1254420889216,19.2645975430041,17.7301254865146,19.9088969605337
"HS64.1",25.3268083558394,20.8716042431942,20.1611009024036,19.0689396590972,19.5864507957014,18.2735870291668,19.5238558499447,26.4689258365301,23.946217493027,30.596437638375,24.6533543727101,17.1979049989367,19.3013787801114,23.3118088398976,27.8986906583778,21.8611539179117,24.7912443230993,18.5847826728506,20.8925624838749,28.3686761376859,24.8042141387992,16.2726118889669,27.2538982435092,22.6434342363234,24.476480265008,23.4974902983878,25.3884542837318,17.3172874573213,26.5200082952647,25.8340999124033,18.0358475202376,26.4570584934063,20.1886312908869,19.7847524421581,21.2318864049781,25.8783739621585,23.5103677880296,24.0796152168678,23.4749338206912,24.9941326164186,23.493867637876,21.4927703375818,25.7708737942383,23.3722977298886,23.9214566259497,23.8729652286478,22.2315944940691,22.9163129352543,27.298463778477,22.0949183745707,27.6051819772565,24.0986968007278,21.1241371810679,21.1073133111139,23.6902906240308,26.9114064959521,22.3456426545236,23.496722503436,16.1681067859094,16.2135227245186,27.3470313671245,23.7240141019659,24.860387317922,25.990521010459,23.8793608496959,24.9450946341783,25.7366053789248,19.5915956657681,17.8567842501327,22.6978576144832
"HS64.2",25.5735220621773,21.0661607856973,19.6973421161747,18.8477477765239,19.7600694739215,16.4271108357653,18.0486343640327,25.0119165705185,24.8740413305053,29.929102268546,23.1818655939347,17.3875378718586,17.7780591386656,23.938517986367,26.0000247352308,19.3929874308517,25.2308594150748,17.2669763184116,20.8904134926304,26.8155849357576,22.8619419400104,16.9291916345295,25.1070865294366,23.1185070863924,23.2154428712401,24.3457470697043,25.2884276668883,18.233115782735,26.1778744538373,25.6667053773356,16.839307850702,26.7586985965735,21.1582499488267,17.771442543236,19.8037521738702,24.337989621539,22.6642348486549,20.8309351832166,24.0129073722644,23.1718083923997,22.1306725417959,20.6616418608096,23.1135475520915,22.4996537539125,22.9683804111238,23.438164556737,21.3771901513905,21.6222950842573,26.2159596477021,22.3906245558815,26.8600793777437,25.6215705666013,19.2642369666233,21.8349239541731,23.3602770664675,25.1036528221386,22.6526537253854,22.1865256593795,17.910333782078,16.7469602589439,26.3525911546838,21.0835229979294,24.7137606958256,24.4531140979723,22.9137806893849,23.8270476864491,24.6757085888985,19.4621442065061,17.9773595518241,20.0450169156821
"HS64.3",26.3312509536043,21.4229693534447,20.0807287542587,18.984216392651,18.1383665853384,16.1070277376913,17.8458679738795,25.3244372317536,24.464627994225,29.4630941034013,23.7181342285285,18.190191095049,18.6694135304688,24.1962102787776,27.6230816879732,21.7399529341735,24.7895412120454,17.4399227697299,20.4553881669755,26.170664284853,21.8893971724182,17.6770693308274,24.818082267434,23.6952500468429,22.6000233516301,25.1837938615817,24.7906600268119,17.3183940662024,26.9808847410075,26.3899545881554,16.9724543888405,26.9633594975753,20.7380587740085,18.0101798852638,19.7562651241939,24.605525985432,23.0811237415789,20.0537957404014,23.858292443392,22.9055966952462,22.8008273327032,19.5348509463164,24.5570955471664,23.2182296640924,23.7365243957528,22.1801562856672,20.4827569374838,23.1505259747417,26.9956210493712,22.0988716049277,26.9778085735744,26.5147556492851,20.1991730038647,22.7341027135765,22.4456722851208,26.0409634414655,21.5721440683451,22.857013098822,17.1473683112789,17.2170810149844,25.8828900678914,21.4709275182898,24.2004728874205,25.0511325154754,23.6657792741039,23.6961098271666,25.1503845481959,20.2325475254283,16.1985903726231,19.8346359277568
