"id","X2.hydroxy.2.methylbutyrate..2H2MB.","X2.hydroxyglutarate..2.HG.","X2.methylacetoacetate..2.MAA.","X2.oxobutanoate..2.OB.","X2.oxodipate..2.OD.","X2.oxoglutarate","X3.hydroxyanthranilate..3.HAA.","X3.hydroxybutyrate..3.HB.","X3_methyl_2_oxobutyrate..3M2OB.","X3.phosphoglycerate..3.PG.","X4.hydroxyphenylacetate..4.HPA.","Anthranilate..AA.","Acetoacetate","Aconitate","Allantoin","Ascorbic.acid","Biotin","Glutarylcarnitine..C5.DC.","Cyclic.adenosine.monophosphate..cAMP.","Cyclic.guanosine.monophosphate..cGMP.","Cholic.acid","Cholesteryl.sulfate..CholSO4.","Camphorsulfonate..CSA.","Deoxycholate..DCA.","D.Glucolactone","Folate","Fumarate","Guanidoacetate..GAA.","Guanosine.diphosphate..GDP.","Glyceraldehyde","glycerol.3.phosphate","Guanosine","Homocysteate..HCA.","Hydroxyisocaproate..HICA.","X3.hydroxy.3.methylglutaryl.coenzyme.A..HMG.coA.","Homogentisate","Hypoxanthine","Inosine","Kynurenic.acid","Kynurenine","Lactulose","L.Cystine","Lipoate","lipoic.acid","Malonate","Mevaloate..MEV.","N.Acetyl.L.Ala","N.carbomyl.aspartate","Nicotinate","Orotate","Oxaloacetate","p.aminobenzoate..p.AB.","Phenyllactic","Phenylpyruvate","Phytonadione","Prephenate","Pyroglutamic.acid","Pyrophosphate","Pyruvate","Quercetin","Riboflavin.5..monophosphate..R5.MP.","Rhamnose","S.adenosyl.L.homocysteine","Succinate","Taurine","Taurodeoxycholate..TDCA.","Thymidine","Tropisetron","Uracil","Urate","Ureidopropionic.acid","Uridine","Xanthurenate..XAN.","Xanthine","Xanthosine","alpha.ketoglutarate","Fructose"
"C59.1",23.4449244687909,26.1215557745966,13.1199238312649,22.289045411728,25.3628283095121,18.2055368031673,19.5426858640519,14.4791321959953,23.5211079288208,20.3264260821757,21.8607311504851,20.8891675062352,21.8663949702585,17.9379928462875,17.1812516625368,21.5624602203573,23.666476236473,13.6034232160221,14.8866687764512,17.4626387170009,23.7468885327683,24.524428615851,17.8183398839702,27.4452758565997,14.3977644823555,15.3242614365055,22.9841111500258,20.8759510598081,13.6262710722327,18.6683633307242,13.5646952254769,22.9429133391252,15.2420030589451,15.8259692043596,15.7191661121577,16.563372494899,27.0038292766381,26.9073437650445,24.4131208175818,14.9435337447624,22.3141153231177,15.9667885704913,16.3944821214904,12.1721998898186,17.7262741399625,21.5053611913339,23.5904044132198,22.4467256925918,20.3547202315624,19.5015840872482,20.7889897884037,20.9731881966623,20.546945303115,17.4407828539331,16.2915187473518,17.1200757308257,18.0630455280095,19.1816922393659,16.6503296638902,11.0216932961173,17.5383833461465,13.5281173656391,16.6434628133614,25.6406403552729,25.5300472401291,20.1894924531173,21.7091382156786,18.6963087531962,22.4925060215538,19.1735608127986,17.5370215119748,23.8167182624388,16.4639575108849,25.0744750121981,20.9800413752979,18.570460656507,19.2801741235642
"C59.2",22.3858053155133,25.0174130847246,11.4618594518389,22.3765176230366,25.078392286255,18.6736786065439,17.9744913949906,12.1136639777167,23.1772462387673,20.4755072855536,22.2285457685413,19.7330187141711,21.7810362583525,17.5017281479177,17.4328393682066,21.4278900574138,23.0552242706456,13.1065434999521,15.6878239270662,15.9708499148072,24.1529893654639,24.3598845637159,18.32808630539,26.884119438625,13.976973733809,13.7481691155341,22.9644627833243,20.3885568398366,14.0793521560467,16.4658759910454,13.5747702683226,21.5544269794754,15.4436673049459,13.8328627867824,15.258270285167,16.9000911044981,25.7701034570828,25.2405461558695,24.0130286854631,15.1242088360337,21.4982341345347,16.3292118683285,17.0105468531917,12.9650720326864,19.1271044213452,21.0286566424664,23.4745045579076,23.0540915076154,19.2934315471175,19.757277883289,20.1180180601492,19.8544241992891,20.2200923230677,15.5572645846444,16.5809054505851,15.5779782069447,17.6478046698161,19.148415332636,16.1931287579164,11.2325171395601,18.9504681724479,13.3669733352125,16.8915774192027,25.6364290856093,25.7103323434192,20.2837092108199,20.9672774837907,19.0679548306357,21.4024146224219,18.4253973712267,17.433934309763,23.1011040265111,16.51490508176,24.3585790391588,20.661125360967,19.1522345663032,16.8492746666936
"C59.3",23.8136549825142,26.4026312638461,13.6508108259724,22.6024640600274,25.5133607820837,19.0148815624981,19.7558934813687,15.5471483462837,23.3975204601119,20.2164733394639,21.0458953773055,21.1267169022348,21.5763647604721,17.3831608420322,17.3338572846873,21.6587377013838,23.9186822964683,10.8794939765258,13.5055076069712,18.8385830148809,23.6157863328724,23.8751903815788,18.000422398249,27.1697763330898,14.85551092641,14.315219267662,23.0828087750384,20.7155262242569,12.8524208405535,19.0224554806338,12.3514195891738,24.8077798174594,15.2892651758143,16.002872976091,15.7604506917852,16.3795746222734,27.2261890569879,28.1242430303096,24.4504294858861,15.1581994938341,24.507935060488,14.5142421398495,16.4015309677547,12.5000031668341,20.5351557705561,21.622255358174,22.2324811985715,22.0793182308378,20.5048180615911,19.6005837403323,20.5710337871765,21.2109779490481,20.2567121017065,18.6429786117163,16.2171915915176,13.0646314420509,18.499832909775,19.1903853314572,18.561706724855,11.7952052110664,18.4957926945132,13.6674832382779,16.4529827489313,25.8386184313829,24.7755211012598,19.2259957657976,21.6957722919298,16.8509913711278,23.631829481255,19.429863189872,16.303751416284,23.9879727046479,16.7782503662569,25.8869951386584,22.0914052686037,19.2247305185684,19.6088511100719
"C61.1",22.5967376005252,25.2098847548034,12.9970854175799,22.8579664346197,24.7946874843563,18.100581564644,17.4939822820728,11.9211527191339,22.8649456728775,18.6047071682728,20.69652719646,19.6178600027594,21.8220024439211,17.349727317524,15.5783423384768,21.1188327400606,22.8842172515424,13.1604743738201,15.1770850796192,17.2121372720733,22.529088486537,24.8764232975433,16.9416995298616,26.1050120320838,13.6472149377629,14.767611899087,22.4500985628646,21.0431032006093,15.1705877058405,18.012631138819,11.366358622865,22.3507926543498,13.4077529698321,15.1265594492831,16.0865674989816,14.4577114484065,25.6695834901381,25.3881591422225,23.5910715284972,14.1057238963196,22.533992724419,14.5177021102545,15.3501028696484,10.9065209121317,20.7479640875493,21.1802042943061,20.9418476995355,22.1213848840631,19.2205104614569,18.6101759259123,19.1805999311016,19.7258126837667,19.3639515287772,17.7981355237692,16.0576432874335,11.338023867549,16.8341926134295,19.3735222250924,16.9336042400246,11.3800849999016,19.3727357541312,13.300088977478,15.2926954371375,24.6736314480973,24.6935455285595,18.3077473627417,21.3493106226657,17.7982261807445,21.6284488961497,17.6911178797403,14.9900374436444,22.9105998301934,16.0306921036027,23.8706390099845,20.7483595310792,18.9652254894586,18.509764351618
"C61.2",19.587552995347,22.0162488913542,13.4526879304793,22.6741708720089,24.1166376559234,18.0785235684221,16.9621231191759,12.4326019037512,21.3815744502555,20.0093292172996,22.1862434238296,19.1961894824837,22.3597833875668,17.5229764381089,18.4527663381405,19.7838941482902,22.0577092835743,14.5436446160978,15.0071126240677,15.4388321867488,23.3936334481362,23.7488159791307,18.1761127896122,26.0070431839609,13.5580341862183,15.502460695203,21.1662220618995,19.5661598261675,14.8389743045937,18.1364259355828,15.28373844366,21.4519535457265,14.1376822994587,14.541591411697,14.8456341305078,15.9341038431815,25.3161428926847,25.0403660531726,22.5409627738003,14.6422657037028,20.6900605843785,14.9820472469753,17.4166594467399,13.2147307823743,18.8451914788095,20.2669221449945,23.0769649208764,21.2443571859147,18.7927751928907,19.2409899956429,19.1873697447224,19.228888571758,18.1615666670196,16.5910451528323,16.7443382918404,13.2687490525954,15.8222430329469,19.2594695781159,15.749320397507,10.5143219790683,18.5704713667847,13.1931763204319,15.6201523677691,24.3997994533693,25.521940450889,18.7432186929063,20.364124967779,17.6224048082905,20.9762697629543,16.5802452007112,17.0570396889926,22.1127405925263,15.3730912002837,23.2645246736796,20.0193400607261,19.1867578777018,18.6756451556031
"C61.3",20.5306252298265,23.0458969012956,12.4874444850326,22.7557275981833,24.3900897297683,17.8080058383905,16.5000005600158,9.3614743862574,22.5547352307924,19.4808896451617,21.4089677627135,19.1970372490853,22.0718869005062,17.4306435865421,15.745609205722,20.1898373791922,22.2061472327821,14.4286952697794,14.9163119425885,16.293156105751,24.1464200854385,23.3443829679278,17.1631339641421,25.66009113453,13.4074536334731,14.6840710293425,22.262922979308,21.3637273039993,15.9877986252913,17.5757852488037,14.5802698353194,21.6435456372548,14.0274934238619,14.6190476388461,13.9242678126886,15.1049664832761,25.2448641682466,24.5059397753614,22.9553001592995,13.6001027167325,20.9328078159747,13.9703694244153,14.3422775670995,11.516515098183,18.5988002952607,20.9258325045928,19.8562333118577,21.7775300969074,19.3954693160999,18.1458491467844,19.2834751276413,19.3194981138008,18.1027937978184,17.1149799727561,15.3510882778906,12.0509229594945,15.965289919851,19.2615552176088,16.2848371071792,11.6112060296129,18.1443408763633,12.7767307224343,15.1514175915192,24.643561627434,25.1092748573037,18.2283244713297,20.6154744696865,17.0380557515682,20.9136097853584,15.7980546879441,14.1266395510071,22.242517008035,14.9684304901696,22.9643540171291,19.7500728047572,18.2001142416429,18.0385401830528
"C62.1",20.1349467692419,22.5574105231731,13.6809181630562,23.287936818321,24.1629086538373,18.1050838098469,16.6812988419345,12.034240840812,21.4795578008666,19.1145828605501,23.6798666774342,18.9648672027845,22.1169614302547,17.6028776385874,17.16299259872,19.9846446298324,22.6541424743605,15.4048496912571,14.5317463563407,16.2937653116049,22.9662175192318,23.3435411387882,19.9778115307371,25.2099360954189,13.6411607868163,15.6712680569304,21.2003466627738,19.6817658578461,18.4104033579057,18.3646489846372,12.2097493027502,22.3177219590681,13.9933347627169,15.4028785660271,13.4664588592845,15.636088745018,24.9287624380345,25.7416921536353,22.5437972666982,14.6514061315301,21.0566532436407,15.2721572255066,15.9921021810218,12.804660550512,17.6316887048534,20.8488190874173,20.4685651552361,18.5019792213374,19.092876380062,18.7296227642031,19.3161858898153,19.0267092252999,17.5950257794571,17.5749090208624,15.0473763948262,12.6443267045449,15.038473316703,19.2936252523649,16.1156448663921,12.8743318410829,18.0776673927404,12.7142461150436,15.5797935032372,24.2413417611417,24.6162023207096,18.1480893714828,20.5671601203489,16.5547687561914,20.5844839755278,15.6524445267746,14.3779752228572,22.7140364905347,15.7171056796878,23.1175478037929,19.4145319289893,18.3738868810218,18.9981651956377
"C62.2",19.8073916772085,22.1690604393284,11.4665071622171,22.6363972650502,24.2730219381019,18.158272224119,17.0311581329271,11.1986655679517,21.2418443370042,19.7583338737836,21.6864670042415,18.6146921357158,22.1768566256083,17.3901774264292,17.914927863542,20.6791078447609,22.6615577006491,13.953366743722,15.8175676018573,16.7863050744426,22.9179750096114,23.2017986811821,17.4275612919548,24.9072241594729,11.6303134073761,15.7589609455221,20.8055749943151,20.6936189557199,17.4757601441686,16.9575814458464,14.4796276426992,22.1564941173442,13.4876157957676,13.5763797219761,13.5953127009365,16.2516736783661,24.6937746342765,24.9229822479613,22.7232100474586,14.2899957195467,20.5972201596775,14.8991853111825,16.4458612379783,12.8424722313908,19.0988445138304,20.2921857738472,20.3979337525731,18.1685856819075,19.090377169718,19.0544585702255,18.9751694618797,18.8156166419513,15.5979825565168,16.4789200085637,15.3623685886845,11.7524658649765,16.0922308921913,19.3071261484453,14.9110549163494,11.7038760918316,18.3008574874096,12.5933325165517,15.1956288071633,25.0981983325051,24.7096824515557,17.7499928092449,20.8344552022559,16.4662326388787,20.8583886270346,16.6437461015528,14.0887664327182,22.7346756096984,15.5557769622298,23.259718048373,20.243484922612,19.1895011196756,17.6464829306939
"C62.3",21.6352954122065,24.1997799444052,13.7098086121465,22.8645854293368,24.4858006583809,18.6853899093342,18.4534656535552,17.3163269196972,22.0680076064383,21.6978596137978,21.7756430592645,19.8861070820143,21.3097804099233,17.3533327696351,18.6446286008092,20.6513422309837,23.1024581441027,11.9973782195103,16.0190575934489,16.0705136267115,23.1817238289977,22.9941463830959,17.5313416544626,25.7358082880368,13.4343863377461,14.1022744108275,21.6142636429751,19.0605383503825,16.5988973086994,17.0078755416352,16.8826237278829,23.7579403722337,13.8503166749067,14.1513359950715,14.1872172344259,15.3468592009617,25.9719445688996,26.9306836847202,22.5326355024286,14.8190544700823,21.6301502674634,19.6541909883379,16.0042121943151,12.2483703617234,21.0165712542339,19.0278726687254,24.2650593137757,17.1691795681247,18.5637476615365,19.0110172179381,19.2230130369271,20.0277342801219,16.7053946241523,15.1446521073546,14.7127610209816,13.320422907583,15.8158818695836,19.1758553672987,16.307810142688,10.862274150435,18.7301211016212,13.332801259291,18.5672223742274,25.0153834664394,26.1072691689983,18.2646195710522,20.4621680012743,17.0885393388448,21.6641138278001,18.0617366547505,18.2461083818853,23.1635302567961,15.4302808593828,24.5243403757927,21.2119325076301,19.7414168208664,17.5683026366152
"HF58.1",23.1145986795226,25.9343982211423,13.7373850673691,22.6534406611483,25.3797409047508,19.6911313780591,21.2128774108053,15.2671536084728,25.5102643330853,25.2338272401923,21.4567628865491,22.3976705688414,21.5962261722746,17.5557664063978,19.1448575824934,21.2574640997994,24.0973193989283,13.1667410763403,16.0647978165112,19.2676677747068,24.6396481640549,24.7077197628596,17.6529163887271,27.1962102555178,14.5316497673527,15.2903536114024,23.333000039491,21.401472874823,14.5875327946715,19.0979984092132,19.7148139457185,24.6237223291005,15.5706173807531,14.4435700283909,14.8713425023371,16.7885497577536,28.4053439525388,26.7780138674431,24.1590794047816,17.1263126901559,21.0666811466642,21.5293048655171,15.7241150461469,12.3968970799492,22.7682564397534,20.3983155849106,26.0525440097651,22.251294932383,20.3756700677479,20.0135921069275,20.4985084060284,22.3741166464908,19.2555038604438,19.5560947675547,15.1175166385653,14.4752092238704,18.0531531271274,19.3083271060737,19.2035457485654,12.7729203303481,17.1651172054802,12.0676437377508,18.8004963029338,26.9714016157977,27.1190224104997,20.9055105683931,21.6356760590564,17.2342790448921,24.6973059277402,20.7918647449716,20.1763123711068,24.1862727712469,16.4562765360586,27.2019251061479,23.2486150296565,20.19496829533,18.834980560926
"HF58.2",23.1653662795361,25.9114361839387,13.7211901199053,22.8456398404809,25.2599201731421,19.8623034653315,19.7233829988547,14.9460799610927,24.0901081018564,19.9764461491854,21.12928029789,21.3426979050774,22.0907660569181,18.8438990840695,17.5336767225959,21.3518552496372,23.8840835188579,17.6533630380205,14.4225474631085,18.961931888405,24.2946685102253,24.8107279661149,16.2186557206368,26.9628927568783,13.923027279144,17.2917572620648,23.3280878441335,22.1354452283946,15.4629885997092,19.069435950036,14.9076997131275,23.4677466850737,15.8943079339992,15.2346573370392,15.587179837503,16.3598245880865,27.3914843670343,25.2033306521219,24.6002435543217,15.0979688402975,21.4707590943086,18.1664369575522,16.7531032129832,13.0770928149147,20.226281805685,21.9280060760832,23.3013629831797,21.8778259821462,20.4105536068835,19.6639088163795,20.0197414360945,21.3432260039106,19.1472197762949,18.3175811710337,15.8605196506321,13.3697055327406,18.2709930761173,19.1526982073251,18.2182218866559,12.4349711760806,19.481436843658,14.4225006334837,16.3687585953278,27.2818493556075,26.1993103708649,19.8368217808506,22.2528384008752,17.1964310715684,23.8427015695814,18.2004964437015,17.4282192859493,24.0332209550057,17.5573605996446,25.6367001406559,20.6642345318866,20.0878410519348,19.4416896546125
"HF58.3",23.3599328281339,25.9882699514382,14.2683166042709,22.4114654520312,25.4138968138819,18.8398097822124,19.8576405182631,18.6968951736621,23.8845556870763,20.8223043152589,19.8710408799596,21.5594647540533,21.6179123806725,17.6170231261763,15.5486947401606,21.7858959523466,23.0182350157703,11.4521076555223,14.6622480937563,18.5145280041763,24.1311965182835,24.2713957491995,17.425638906528,25.6626176745859,15.1673432616218,15.5792617395784,23.3816003147745,22.496189259975,15.3063836401792,19.4383045603325,12.0872358756678,22.5889133119588,16.4036740509971,16.1741372814047,15.903819385161,15.4285959343288,27.5691078609034,24.3338038561403,24.2631491307262,14.3395279672355,23.46723743373,16.8875526852309,15.9519675972306,12.8717057774198,20.7369567706366,21.2424345122545,22.2453526984828,22.6628899665343,19.5343655417343,20.1807516866198,19.6542510542486,21.4139825173423,19.0760368908742,18.666296148498,15.7410240486224,12.106171044715,17.5948699302023,19.1715946821436,17.8825144350036,11.6938090162489,18.1283870243874,13.9151617126343,16.3249986162332,26.2617193240953,25.2633817397323,19.2867739768623,21.710788392226,17.1425002678623,23.6946734261854,19.9508725045611,16.3568279391471,23.0508526294833,16.8912108464612,25.7023043994612,20.0836182612369,19.3558511864396,19.7198080771745
"HF65.1",21.6663483183277,24.2174914173694,13.7509644525775,23.0939000803298,24.60994129963,18.2392000647819,18.037626080103,12.7915744364301,22.8663813540658,18.5650920638977,22.5038919345077,20.5241243447123,22.2294718935931,17.8067627550498,17.6923125364684,20.6580783572872,23.4170775729792,12.7632219689656,14.4650230605869,17.219591821572,23.9273715415318,23.9521828034222,18.7370570802686,26.8029840196598,13.8539794041168,15.4711878525436,22.2571926229131,19.6477469915826,16.9850824752212,18.4896139905625,12.645195628969,22.5523634645679,15.5432820652787,15.2880662097422,13.732055379075,14.4828134055275,26.5693378377761,24.0947430338188,23.2098881184877,13.9686401428418,22.5622062352352,16.6998426502342,15.8190939894053,12.0314512192715,19.3903710948383,20.9677292028794,21.0941484239294,22.4823838065339,20.1980979829031,18.6746703901906,18.7676829189567,20.593317411816,18.9324502298351,17.4502077053972,14.0791210075477,11.9427803412733,16.4412071984303,19.2260790145908,16.8125512003581,11.2573527124144,17.8146037159316,13.0555521322089,15.1703419408925,26.3915922469143,26.6682115903045,19.7660501947576,21.3794892045255,16.8203987686551,22.1803092762644,16.1698248860967,15.1925924261733,23.4954881944062,17.0178108146862,24.1748791245078,19.3999214139455,18.9535941974793,18.8880057589388
"HF65.2",21.4058221252336,24.0144807165216,14.5446382890862,22.6034439278814,24.5040772482992,19.0653972967854,18.5418383432615,11.8939334727665,23.2618473852761,21.6654636115955,21.6913246440937,20.1388770702935,22.0987255218852,18.3767291604773,19.2744990240608,21.1107571727607,22.4798528925238,13.2380613687823,15.0605224872929,18.4168533532089,25.1532571616843,23.9156374575068,18.4264250754897,26.0198500085474,15.3667767892729,17.5549343034128,22.4806874882432,20.0847224619301,16.8866165115268,19.5296589427586,15.3523929833018,22.9384056137748,15.1624647871605,16.1649060409354,14.3999022387727,14.8679480689058,26.1765327871312,25.4972214877728,22.9472250130022,14.4295402412873,24.0467930303926,16.6135332560032,16.2682465969882,13.3481056788855,20.2721032999363,20.9909052952364,22.4042465096778,22.0727043153205,19.6570068106921,19.4250517683098,19.0188888040269,20.1304249590273,18.9140435332372,18.3647654820001,13.8191545790139,12.9885280493835,16.2474812556297,19.3298679102212,16.7209985355799,12.9886272921853,18.3921683711653,13.3940764990863,15.3281402318344,25.5170643308377,26.7049718648803,19.3533485200655,20.9223021408371,17.6747618774445,22.2256601832657,18.3391888238115,16.3726783604615,22.5842502233845,16.7162738527591,24.3035453274479,20.0946128612483,19.1470938263391,19.9744072393379
"HF65.3",22.4179888804132,25.0218457107887,14.0144703109284,23.089331317449,24.4277583192677,17.9683656727675,19.1309343250567,9.3625940103968,23.2232686404803,18.9412472252,20.6403775337726,20.8150976980054,21.8637188082366,17.7100584879142,15.223573117909,20.8745202577385,23.2601170737535,14.1791795035582,13.8754909189164,18.0093207271056,24.3342967599209,24.1527314385759,17.1296640123864,26.9999323405132,14.5025643995677,15.7104516140276,22.7256064980702,19.9574315596864,16.8221278705331,18.5328266306663,12.6273453169456,21.864118513571,15.3196384957122,15.4120967638936,15.8255285836289,14.9225925622654,26.8668953765977,22.0272156917072,23.3839855838517,13.829927794363,23.2332384354532,15.9642195386357,16.2209068986278,12.7793468557476,19.8051794253035,20.6737239052698,21.9258243288281,22.1260831128671,20.1972506802445,18.4116643776217,18.7072653048563,20.9459560306553,20.6004649473573,17.9969223672607,16.966170285368,11.6476073419222,16.5393150466426,19.3341702776086,17.9267199615269,11.0317526491782,17.7461384720137,13.449230693814,15.2647597551059,26.1496304491638,25.0161516695154,19.0764442320106,21.1418447298225,16.4580565042445,22.7078697125304,16.62754489804,15.9086926534683,23.3398576759646,16.7048018945682,24.8749347997876,18.9418284093035,18.9538662660959,19.0116179604217
"HF67.1",23.1691064458479,25.7658958197616,13.1490160559852,22.9315698087643,24.7658315088538,18.1864377450808,19.0708571915787,11.1502637075429,23.5286040826013,19.210154526674,20.9829152041211,20.9524389285876,22.0446065280798,17.6331048368707,16.3147870249394,21.4880951011559,22.3951446586981,13.185226908551,15.1195423818829,17.2291550035502,24.0651340864202,23.4275927656242,17.4641576774211,26.2582168521655,14.5471802577641,15.5102342977026,23.2451759193718,21.9666970395706,13.3048741082581,18.5552375453661,10.7555332307058,20.7072938751609,15.7175946646027,15.6171428216325,13.8945128230919,15.9131640200751,26.9919855767069,22.6200091919528,24.034768479697,13.6300375604894,22.5609039989894,15.5961473123195,16.2136026047337,12.5767706013161,18.5924612380078,20.8296097150555,20.8130114966677,22.1086033406869,20.1277461532035,19.068454085199,19.3382483964934,20.966251007018,20.1786181636676,17.6686526452757,15.532472180333,12.9811849343772,17.4882464314447,19.3402928341127,17.3547926263929,11.398819884479,17.6909661523232,13.3972048592896,15.49417054296,26.1961619452641,25.0367569764857,19.1171590799621,21.3550629774122,16.454870056165,23.1392216458819,17.0102201521902,14.9244013659308,22.411193990732,16.3468205603505,25.077978709292,19.6516022910374,18.3797112263358,18.9171357028368
"HF67.2",22.1026985105684,24.5662857321928,14.001236181637,22.9550961178534,24.8511209949952,18.5030970473355,18.5321872383928,13.7626130946991,23.1540579987233,19.7291113127908,20.7395035921223,21.0990717296072,22.3468956689349,17.6424330463817,15.6216741470624,21.692358797775,22.4407561010866,12.0457196790447,14.493620482559,16.6811296340418,26.2677085814084,24.7974824373904,17.5336948862673,26.4331421534075,14.4544215804096,15.822495291911,22.3713716687106,22.9239837870998,16.2898735560447,18.9028577755647,12.5661927087475,21.4967088052448,15.5553272673085,15.8223641328168,15.4075808805682,14.9505454623509,27.1417309500222,22.5828198712667,23.8614634755454,14.8748239845317,22.7040414400911,16.8804593755648,16.579098345383,11.8989240053637,20.8740883054347,20.6158857704219,21.1872583053283,22.8637436890195,19.3192608049942,19.9386098440066,19.5255469002454,21.1413132150672,20.3278873339022,19.355738119488,15.013919752648,12.4895686916737,16.8935722166092,19.2416492805382,18.2301594408093,10.9712108131123,18.3115354646008,13.9125981976497,15.4663491348473,25.8069777794533,24.97682036579,18.9265685810135,21.523345061855,16.4673713933851,23.3435608649498,16.7994430724627,15.2791300630682,22.4455272164278,16.6440811195682,24.8354196541113,19.2977201910288,18.8766073376452,19.4754787771701
"HF67.3",20.8942602130746,23.4275870765677,13.376760507754,22.7793246817808,24.5100971844206,19.1424464580951,17.647824493991,9.3228423986876,22.1222032878327,20.3920965279903,21.0328727435004,20.2033711372946,21.9853335133299,18.619812086047,17.3619695723168,21.0719755503143,22.6836686895783,14.5493915896511,15.8252311770826,17.0638019389165,25.9515931887555,23.6104630442717,17.8788327745617,25.4034693604548,13.4261610775106,16.7863709334599,21.823661938711,22.2306888121229,16.1085909669092,18.8400690951859,15.6600585362692,21.802643725612,15.3883107181497,15.554010178747,13.2545077026763,15.0510241964944,26.1702929174977,21.8930355285946,23.3980836436927,15.5766492306831,21.628818604019,18.9347944915884,15.4190468461945,11.7039483067321,19.6958462406889,20.4874242468867,20.248626609943,22.356733589301,20.0309358735508,18.9926652978529,19.6215971677678,20.1694399653485,17.5480511017383,17.7399292449321,14.5729296840455,12.2108179808058,16.7853841586563,19.2309442204674,17.0653907395527,12.3442952339504,18.1465501488609,12.9158674532666,14.7887393235303,27.281178972155,26.5459470749319,19.2017416663704,21.5074198053321,17.1448556325361,22.383823909014,15.7532799085887,14.0618664445369,22.7685718453971,16.7976367445756,23.6555309217122,19.3282386868757,19.2853822036283,19.423724631997
"HFHS56.1",23.8890646578326,26.6290073563425,13.915051892254,22.4912608749877,25.5108288504353,19.0766471448667,20.8177602673293,13.5393190880467,24.3741435066649,22.5607627037614,19.1334509161411,22.0698299887495,21.744741221599,17.6304016893448,18.2684675818294,21.7788952648855,23.0590171754908,16.8004104240449,15.0829411055578,17.9660252309962,23.5129627319691,24.8101953275591,17.6294812108246,25.890044580444,15.8611472627939,14.0435978448946,23.8803536987166,22.7521383960329,13.427167219717,19.2512312125715,16.0461790913967,23.199276754337,16.5296639008698,16.2118275112144,16.2899719606818,16.5359938765463,28.0414309974553,25.8699985586834,24.6109817868221,16.6504242956255,24.0972936721312,19.2226133360743,17.3240176235794,13.4931285392682,22.3628965822982,20.9693992864529,25.2715826847122,23.4053908647376,19.8210052293025,20.4738661525771,19.5617982031328,22.0143627766503,20.9711199244743,19.3117115026406,15.6123846885554,14.335970302261,17.7800159910389,19.3371668701658,19.5132471578905,10.7042350680639,17.425111251192,13.5325742728334,17.6302609102415,26.077789308138,26.5500354033971,19.3464798782003,21.033390856223,19.8408196372472,24.2851479117843,20.4612336345223,19.3760535623518,23.1018883140833,16.0099927723228,26.68642160611,21.5398762710902,19.4160383918645,19.3332020452113
"HFHS56.2",23.4662386993919,26.0410021866185,13.8783665921227,23.1896046589997,24.9480096237286,19.322207510707,20.2342384610735,9.72825605680561,23.0210249402024,19.5565357183942,20.1536913322088,21.3826870203811,22.2934656548909,18.6295858413556,15.5936166012816,20.9356974306513,22.3765380305589,16.1514894053146,12.1689723322764,17.2236124339373,25.7811267065098,24.3305191853298,17.9208393151197,27.4953371106279,14.8416103698582,16.5254046048511,22.6680029587127,22.7366813415636,15.7327994071337,19.3950038202945,13.0724751458008,22.1171822782949,16.2930797783501,16.4117979926413,15.3582068529895,16.0654769374342,27.3946125497624,22.9662318789873,23.9971207268324,14.3205813220983,22.5645950675505,15.4022876658376,15.9909976205669,12.2290309302034,20.0711885729642,21.0538068492252,21.9047261047737,22.7652953945726,19.3033997772318,19.9946953250418,19.4375340680184,21.3162767475265,19.0809159260123,20.1392249783606,16.9213350025828,13.4960770334877,17.2349277978623,19.178967948762,18.9572599031911,13.3164877077391,18.830119287374,14.5011822128982,15.1683919778225,25.3052354966295,25.6812763713191,19.8616378853175,21.3417489839469,16.4655154792403,23.6645341822889,17.842357342607,15.9071471115736,22.4087330271964,16.7418805632445,25.9234640752299,20.457323588905,19.842978983088,19.9357067346023
"HFHS56.3",22.3757511168023,24.9761273373371,14.9501606426986,22.6725925368451,24.6293536210768,18.8647650071724,19.6973804843284,14.2483485929572,23.0201619064407,20.1039252543363,18.4085860718008,21.2756312081366,21.8013347929743,17.9968890696877,18.4873682644545,21.1110986889592,21.910511582409,15.2989056501116,13.800503776602,17.2542673635631,24.0047791109962,23.8691514467723,16.9146074608023,25.5980695749632,15.0661886334262,15.778152826315,22.6254306327767,22.8559186028934,16.0927800629484,19.7112858046943,14.7528674084165,21.995460697612,15.5012853686721,16.3917402391125,16.0787940068611,15.0750206204812,27.3903279610369,23.2140246231135,23.3751622733709,14.9924634433568,21.7605458742015,16.642559218058,16.3824241395623,13.0273367389612,20.3637472093278,20.4989055540982,23.9869696768363,22.8849852532911,18.9611284195146,20.91136316896,18.6327404033844,21.3874002716447,19.9702657864435,19.7290913465528,16.7945064292257,13.3631731496532,16.5923725911258,19.4084138733622,18.553556710379,12.544482216067,17.6614439499515,14.0270083988668,16.0261658417796,25.0372539680007,25.0711327491425,18.5098626186072,20.771057707039,17.3148678172861,23.5656054478156,17.9030764701269,18.1172705216745,21.9475380115281,16.7841352419093,25.5098965111086,20.5384228526665,19.3273333820222,20.1334987640315
"HFHS57.1",22.4283109328989,25.0050926190039,14.052094190706,22.7746998918767,24.1697993198631,17.3005101460273,19.1744268961784,16.345097447801,22.454504587731,18.0312543496236,19.5756707919631,20.7799939172927,21.6854393152074,17.3594805613636,15.2460795264306,20.8976129633444,22.5420056677121,12.8238292255212,12.6684833151433,18.0016602082015,24.0289553508835,25.4350672367508,17.0060752375567,27.1118607616126,14.609682916339,15.5349945752275,22.1627332539515,21.0548181925676,13.4035531790121,18.9252137887164,10.6340934518963,22.9497176057785,14.9041967121682,16.1591008848468,17.5966837284008,14.7291979133459,26.7855400699184,24.6694971020883,23.3026457392326,13.0930049632951,23.7915844693276,14.5740833238017,16.5346130481485,12.760430856273,18.6568080853619,19.8949044573457,21.3220442702422,20.9805094388493,20.1831178120104,20.5664865073481,18.3441428497258,20.8514230238308,18.3377095629769,18.6898990683457,19.0173178360884,11.463826207616,16.8778949626355,19.2970259355702,18.4655088892583,11.8661765816128,13.6630217155274,13.7431970219572,14.2890555349967,24.6315409555817,23.8278370843776,18.86592964319,20.7768665729631,16.8026945461526,23.3414281041551,16.3067931180317,15.0270500183853,22.5664637328169,15.0124578787802,25.2400585985223,21.0798915938229,18.2169496308672,19.4561215026026
"HFHS57.3",21.4410116629026,23.9335633098874,14.7413176297952,22.9411075195963,24.7743924557458,19.5754986824963,19.063998643999,14.1092128375109,22.7219692368952,19.4075656080686,21.3030669109448,21.0942547734634,22.0587516320312,18.9919903809297,17.0690520228426,20.605123177813,23.2620677270548,14.1505340693006,11.7169104716964,17.9584036038694,26.4462116223357,23.9566636383634,17.9564524834658,27.2931387284226,15.0673768779439,17.4177778708067,22.3652965632861,21.7468177282968,14.6402991863986,19.9462627872322,12.8022458456833,23.187992480333,15.3070251636957,16.550166316867,15.5628093173525,14.1150243803618,27.1668498033527,24.9099226094867,23.4778014417717,14.9761391047662,22.4994688867868,17.5309345053496,16.685378404202,13.119411788572,19.8784961574871,21.2736557260099,23.2858098531384,21.7705898847861,19.8018133996844,19.7163328887904,19.3492280894528,21.1197840922125,18.4287020261972,20.2010742534348,16.2816694444333,12.8912204225072,16.8479417065203,19.1995751479053,19.2477898936847,14.3034258837947,18.2136949600584,13.7916054033286,15.7845003927902,24.9429468224622,25.8222984098422,19.6170554192135,21.313593288831,16.8714400817777,23.1642033160355,16.7268107383316,17.2760962165779,23.3339849530074,16.7683749732161,25.0516386146468,20.5554055116579,19.8886338760822,20.5377413086582
"HFHS66.1",24.3917787589532,27.0691153626516,13.9397404914089,22.8699635618804,25.0220693598095,17.9722297148181,20.2237530094808,12.2868936211229,24.0508184391639,19.7117106664683,20.6486742671124,21.3647931308271,21.8418657236246,17.2329361021406,16.120635032848,21.4838077612183,22.7404174996074,14.8827619810606,13.328392967969,20.2632355317059,23.789129028129,24.0919455103325,17.5617655888371,26.5462283825667,15.2950258962989,14.7490790937896,23.4220998592152,22.3182087307213,16.7440210261009,19.250334960873,14.279171818994,23.3539228943083,17.1484456338245,16.4656323435579,15.6675990666409,16.0138323033162,27.4735395028907,25.1148794859001,24.4847417185355,14.6525692572645,23.0797538871769,13.8796637534377,16.7761737104921,13.1729021737568,20.0406409891586,20.7295513263559,21.8941574416614,22.9944171786462,20.7507693688054,20.1890906747529,19.5907401499072,21.4544143376613,20.5414674682016,19.3956992509769,16.031892638701,12.2259187797108,17.9121477415329,19.3667185772335,19.0888138153062,12.8915800005997,16.9886081494833,13.901963261533,15.7410574638642,25.9258737870469,24.2623283119516,19.0330486810406,21.299084402196,16.5564064544041,24.1785971076904,18.8302758059412,15.985990535029,22.7981227857518,16.5222323432286,26.2069174373375,21.4700230939514,18.5999378701563,19.5912515045626
"HFHS66.2",23.7238464360675,26.3991181788575,14.43336424573,22.8811648172646,24.6240926470245,18.1549316428667,19.6845554129674,9.68581770326352,24.0519128582472,18.7976611497062,20.809859561139,21.3961729151244,22.1035856938896,18.627264936316,15.3636983934009,20.8650718212438,22.6660481115946,11.1240569289828,19.3712292102924,21.0425103687383,22.1209889715016,24.4442181447091,17.6142068674668,26.7801411929153,14.7218208726046,15.0359421415504,23.2288720478258,20.9744765963403,14.7672757977923,19.7535426056719,12.843930107474,23.2427427776201,16.2843801106911,16.7080361438646,16.1699356224783,15.093352521032,27.435755801073,23.6533589357441,23.8484274911902,13.9604204335989,23.8458187429938,14.7508601770802,16.0407439862234,12.3636982709295,20.4879944821218,20.9367386153842,20.5503678836569,22.3740349588115,19.426988366654,19.3769891047928,20.1378055584244,21.4106217722089,19.217458643367,21.732813763993,16.4759821067653,11.723355378079,17.2191884420359,19.2826175037979,19.3675954398141,13.2708627786575,17.6966360542781,13.1790283854655,14.6166343493358,25.4518739310258,22.9844003239198,17.9201165187567,21.0772362193582,16.2152776908061,23.8903803527542,17.5838346182239,14.403361930055,22.7646329808139,17.7185449926794,25.7597663366225,19.6904436466621,18.8036198636102,20.24702148049
"HFHS66.3",22.1683202604306,24.6098442143777,14.1908566998169,22.8415319521398,24.6786078393575,18.5020670616493,19.2741078727831,14.6512247668739,22.0511221732727,20.3384050386575,21.6745418118355,21.1461219722287,22.077998714946,18.0192051841592,16.0764172228232,20.1323501692453,21.9381388060548,11.7276596278772,13.5614237017106,18.0884696152863,23.9903203141747,23.6481414552234,17.351477158997,27.3631521437883,14.5832669536154,15.9399184564435,21.6822182432913,21.5513229567634,16.7468279208478,19.3701929511922,12.0786768989757,21.4075279234955,14.8868988395209,16.2590864847024,13.892069565524,15.6829988582927,27.1455045000982,22.148697559786,23.0892441214385,14.3767774356707,23.0668220192188,15.2532664845845,14.9417124294692,9.76070242137685,20.5918921743486,20.6749204190123,22.7000625608791,22.0074124177916,18.8511983770508,19.7910794556529,19.3702941743927,21.1694171054079,19.9525216368,21.4596004406699,14.5881888722456,12.9149559616872,16.3601437032907,19.1293906952145,19.7875994804446,13.2755750417801,18.6195281792911,13.7818912044605,15.9792026376781,24.6169194288798,24.8698105563406,18.8970844159938,20.8650799480763,16.3874290632627,23.4499111702183,16.0462216199795,16.7324755896179,21.9481437196089,17.0367959056997,25.2791948761754,19.2261495638334,18.6061945880767,19.9845486681167
"HS60.1",22.3245250040865,24.9511567772058,14.0255510175805,22.8831010710718,24.8963221244667,19.8260058470319,19.3528016763302,15.9265296345657,22.8406651702025,19.7118463375086,20.7709420606305,20.7611561878989,22.0646642582319,18.4574601062996,18.6404660218593,20.3612767827004,23.6087526815466,14.3968737022615,13.9045594815955,18.5890654920874,23.2835919345744,25.4514367511973,17.7081486986259,25.1598252688704,15.0486409700506,16.5044959871916,22.3998301718733,20.1435877486525,14.5650073805474,19.1826757343167,13.0476014571422,24.2970735933334,15.628612478015,15.6983283115991,17.4529106281677,16.9378919828201,26.8965640141742,26.9154249514502,23.6958241625118,15.2899347006558,19.1928060022258,17.214204302312,16.0899361633801,12.965815311208,19.4330367430894,21.4072979810745,23.6308542454079,21.7500007008719,20.8986159298091,19.2824828829672,19.7840689585736,20.8045387472033,18.6416658782417,20.4462644652302,18.03904029297,15.1671068665218,17.2641503436663,19.1208891781823,19.0263672281262,12.4017113059341,16.7800172195461,13.5719145025103,16.7097717080046,25.6065354114872,25.7950692729274,19.475406201064,21.3415838513496,19.0016935777967,22.9584992665279,18.8829418525549,17.7463340055038,23.6649736192567,16.7809981487129,25.3967883462559,20.5091076188071,19.832809733148,19.7016953701607
"HS60.2",23.1438026067626,25.8669570636702,14.0374802172273,23.0067599873171,24.5078446303237,17.5568863977053,18.1861273297631,20.4285884184143,23.0571602624791,19.8678101630179,20.3332688579233,19.8351529644704,22.1552597111906,17.2245110592091,15.9773156813545,21.0817838221248,23.0010451497683,13.8607018520052,15.3582358875403,19.5885117739838,23.0369715724691,24.3162659703486,17.5729536228072,24.9774158961921,14.9047265495013,14.2632650399948,22.5216266879702,19.5256415262331,15.5174571842709,18.6950325104301,14.7120034130857,24.8737450430702,15.9779053570762,15.4016805169554,15.4083923314707,16.7319235897964,25.8993660445471,26.3540042119522,23.5161882962103,13.8645306599392,19.3629042229691,13.5103762423897,17.1493565768759,13.3763085784033,19.5678761022958,19.8097600430869,21.8384635616902,21.7271767760579,20.651334264829,19.2885704206814,19.0255699762112,19.9055870225378,19.9712530008617,19.7917779017202,15.6930466751304,12.202256010365,16.9050225554633,19.3167242558314,18.4317103609172,12.5637744820755,17.6621880201192,13.287299279037,14.1931711871355,25.3737543690498,23.6455034240565,18.6353769676787,20.7681241759239,18.071426738396,21.9655390370363,19.3143147515234,15.8696866665693,23.1317944377251,15.2890642979863,24.5392333950984,20.1765628688039,18.6207621048944,19.2013132446279
"HS60.3",22.0927616334725,24.7760766932672,14.8492250485782,22.5712333326908,25.1501360796942,19.5296520684643,19.9743889654091,16.1806507788349,23.4306921095189,23.0634309342555,20.9762071254717,21.2592789979079,21.8156528929841,17.8892633431599,19.7112726294933,19.8737985878844,23.3607051610878,12.9106755578892,15.8298469613134,18.4896831931651,22.2303759578197,23.7276760054414,17.6527398361609,24.7004664325377,15.0622758546393,15.6353036060108,22.4792454115088,19.5847371251853,15.375252444135,19.0381754114619,18.9459692514681,24.5023659826621,15.3361959409876,16.380169403839,14.4895778152068,15.9637545770128,27.3267755963551,28.0135664263328,22.910845735895,16.0054348264769,19.0564576405204,20.1021899732171,17.1288387492436,13.4626529617425,22.5915719982134,19.2262197418738,26.7334466593064,20.631574929994,19.2427899321067,19.6310296249892,19.7811875962095,21.3409122789416,17.235268673278,19.281169732498,13.8522174515778,15.942164024301,16.5465295709309,19.2278826386911,19.0428451512532,12.7943373252023,17.2540633138119,14.1645479263159,18.4313633690705,25.318995436957,27.467763708177,19.0671989380994,20.136353174733,18.8446875450156,23.2877550521544,21.0506298123083,20.8394838855164,23.4288779223721,15.7412626600003,26.0869374257458,22.0180893859848,20.1509464189154,19.5029276253325
"HS63.1",15.8244872785375,18.0387548870741,9.76113927272158,14.5220337096624,22.7443435707331,13.4985207397056,11.2562969874438,9.87063754069655,14.5970861567645,7.89268733394643,12.0550744434054,10.2624454845704,14.4383341601676,15.6184706572826,10.8191636510654,19.4442587837171,13.0915508654614,9.04727180916504,7.61710660136025,7.54192544413162,14.1642190552598,13.5094220496885,8.59208361230509,18.6808091141184,9.19543869777825,8.58475855248058,13.8584575226834,10.0751872464538,10.5004792792342,10.8190823716217,8.09072498971189,13.1369219904816,8.73262046734619,11.6768228131456,8.41057295612482,10.5421689545982,14.7274046685246,15.8331423141247,13.236074925689,7.65080156097879,13.7546436073039,10.706638029534,8.18810984691295,7.67832151128975,11.7945325225764,12.8942180933598,11.4162339220009,10.2536163217413,12.0728430283216,12.4632008161908,15.9789645765874,10.9637757892681,13.7083647383338,9.65545980368415,8.96355490158376,11.7075609530884,8.03852464031484,19.3251908346563,10.7557113767345,9.65795145827674,10.7988828005343,10.1737486668555,8.6393112031921,19.6776206739803,12.0163540188219,10.2258264026892,12.1405731607253,10.121643548381,11.9990156676358,10.1427043452589,7.83824800249045,13.1334291957938,11.9402158915794,14.8038218763847,9.92936658729217,18.3302129796902,9.47005150486938
"HS63.2",22.0118476662887,24.5299294229163,13.2539380090302,23.1965389154889,23.9865757236705,18.6014444673618,18.0469107260214,11.645335039839,21.7033083991816,17.1362217563002,21.2921084842967,19.7088685646884,22.3359824803468,18.7626404916904,15.1564163286587,19.3671702448326,22.729075660101,13.9109770726369,13.597265118838,18.6487301429129,22.2656608182583,24.5244664202984,16.5038620559428,23.5188447669286,14.0543098422606,15.1699115200677,21.229807194018,19.0738292977419,13.8859104195732,18.1826649977564,11.8638021550511,23.712090037417,14.3644409989999,14.6365030574841,15.9169138521175,14.7624597110441,25.833023817815,26.0120549723978,22.7735109294777,13.6443366205927,20.0046162223605,15.5511143379383,15.7030323490156,11.8879666770604,19.2921864196104,20.9660859774352,21.8915351482666,17.449815414611,19.8564711666301,19.261476131917,18.3122593706299,19.8795029048762,18.7091826260138,20.619979505584,14.829117747415,12.9596384136013,16.2898446165609,19.3207981545229,18.8322856736165,12.3414135165958,17.3057460818255,13.46847003471,14.9166919426147,23.8578000020851,22.8745972362091,17.6794710666945,20.6002865342597,16.798125579327,22.6079117364386,16.1977745524551,15.9785038546062,22.7587774837948,15.9802846771485,24.2524089843642,19.8670680153262,18.9007606265425,18.8018454127081
"HS63.3",21.4885376560641,24.1249131647217,12.5093034356615,23.2232866026478,24.1314967225608,17.3976906609902,18.1067919098253,10.9823848436062,21.2111360336879,16.757260105677,20.9065729287868,19.3994311723068,22.367464464694,17.5834093464077,15.2906464751297,19.4334481138936,21.5838830147712,12.4728769113341,13.4333192452164,19.216707842692,20.6434714899605,23.4817098257891,17.0259415462668,22.7355676342573,14.070380570468,14.8004354904267,20.366978266986,18.9859838935839,15.674071481122,17.2895006588109,11.5875993439846,22.8905621577318,14.7522813675682,14.0836128086722,14.0949360721092,14.9427996981859,25.4891433872547,25.2924025275601,23.0706754404014,13.6833513708807,21.7526712140476,13.4857172589231,15.416292299208,12.0931058553816,19.627227571738,19.7542097676604,22.8506022865215,17.5854665417947,18.5758246113629,18.7533917143809,17.5248458559664,19.5090993797127,18.4308544859722,19.4845461167381,14.0011218334935,14.5216829998913,16.0752792091759,19.2991843453395,16.7461584957162,12.3018166225829,18.5436380888279,12.2937090726704,14.7957023796343,24.2655249440935,23.1936866194198,16.6367567551281,20.1834739865449,16.5119909136086,22.259342613512,17.9409608342612,16.7608093641346,21.6633087841317,16.0018423411524,24.2538428115888,19.9078103985452,17.7847595277367,17.9391896248404
"HS64.1",21.2042512069593,23.7972908526852,14.467224708659,22.6956252435175,24.8670893755255,20.0532725331221,19.3786358061195,11.3655096577224,23.1524930218858,22.6960779307045,23.39911788569,21.0401339639111,21.7838941445271,17.804993850539,20.0132206885119,19.874516494069,23.6220689191864,14.9079459938741,16.454555767401,17.2260200535191,24.0724736920141,23.8220586637108,19.1969100430971,24.5264514444017,14.1020495358652,15.7418844813741,22.5369435427216,19.2646137972092,16.0137796836917,17.9159431150848,18.2171822683689,24.5340255813353,14.634953066198,14.8266390534743,17.082877375591,15.3267124096766,27.1499558207096,27.9622060010036,21.9293130273472,16.2388536071444,20.4732806534084,19.9813460584494,16.4559126846639,12.8318642799842,22.233854332696,19.3250773208328,25.382172853207,19.5295929540704,18.5933361641385,20.4109309945883,19.1191714530817,21.1654279880971,17.0071530858796,17.8436673822681,16.6600242026439,15.5265645576159,15.8748697800005,19.3265003911553,16.8436258999528,12.2592929854591,18.178057990952,13.439247855549,19.4191968398933,25.2991691117905,27.0067925039273,18.9228374722673,20.017841542931,17.261148099004,23.2375067431475,19.9924568718508,19.4666133673456,23.5732934734454,15.6953868319104,25.4492542443296,20.9378160330227,20.3612835132974,18.4488599910435
"HS64.2",22.5294514130443,25.1248205404127,13.2622433209606,22.9803587289351,24.1661328170197,17.4774663943945,18.0167002340989,9.90366094949168,22.5238624298699,19.3635222223036,21.4411681448838,19.897523593847,22.0084924690691,18.0264304899681,16.4755330709466,20.626417084606,22.2218728433749,13.6208662580978,13.8727122478958,18.3234294401737,22.3739425100568,23.7047378159946,17.6152585633896,25.5913438743281,14.5911266132513,15.3009528026942,22.0168671168511,19.0899033187763,15.9115730872466,18.2618664077466,13.5826758673891,23.1546480090766,15.8184474160911,15.5473501682013,14.6209724696791,15.2911552457764,26.0244769976833,25.4861372151853,23.0243932863516,13.9427371272821,22.3929097491957,14.3491793065757,15.8751151104877,11.5432734926136,19.9202604958449,19.6255353407185,22.4877174421883,17.467613552518,20.0142391780245,18.3890877605712,19.3329903012875,20.0044970107541,16.6923248559794,19.3515997605205,13.9738770948743,12.2448412717093,16.0908886814529,19.3113956437461,17.7512127948886,13.1417235235134,17.5984844148312,12.7000273823485,14.4947419683267,24.3878961441331,25.2996665749617,18.1537097544184,20.6158553881512,16.8113981570687,21.9959769711767,16.6271607652181,16.6304521425738,22.2553759816067,15.8468436587906,24.1741160807634,20.3885282708465,18.3155908266409,18.8556339297163
"HS64.3",21.3172029158376,23.8666636948287,15.3277307011579,22.6149769226739,24.0790919981135,18.5149042509846,18.5408636092849,11.8570127453254,21.4304770209017,19.5951870892081,21.6969343252437,20.1958479843157,22.1349865182268,18.9322176032553,17.5360773101352,20.0950402596154,22.3350065867808,14.1047674808819,13.5238591280259,19.9607104693454,24.2465721599025,23.9158528765529,17.8994330450923,26.5479246015507,15.2378944414667,17.2309284573422,20.9909049771687,18.6344566009794,16.1275493480188,20.3883934422777,12.7692828408713,24.1506058527647,15.4078645594979,17.3830238602061,14.7259548248745,15.0468309390572,26.288870649171,25.5895093569152,22.8594718564913,13.8651579516254,22.0387443308196,14.3718945149362,17.1563652482535,13.5322106053214,19.7855238133448,20.316283412874,22.1265784243018,17.3023615283352,20.0689084894122,19.0439971976995,19.5726002498009,20.2626590775642,18.8106074638045,19.9753457628367,14.6298476865396,13.0847676826049,16.2127530359489,19.2929401387123,18.0065366244223,14.2398536010006,17.8976626650535,14.2877504552594,14.2048457978093,23.7611954177569,26.2961238248192,19.9615756909732,19.9849074663791,17.8964456041546,22.5269134615441,18.1982481936157,16.2450097998312,22.4291451794584,16.3416688270882,24.6876467834813,20.4813960102228,18.8660088023825,20.9925781457102
