"id","X2.hydroxyglutarate..2.HG.","X2.ketohexanoate..2.KH.","X2.hydroxy.2.methylbutyrate..2H2MB.","X3.phosphoglycerate..3.PG.","X3.hydroxybutyrate..3.HB.","X4.hydroxyphenylacetate..4.HPA.","X5.hydroxyindoleacetate..5.HIAA.","Anthranilate..AA.","X2.aminoadipate..AAD.","Acetyl.coA","Aconitate","Adenosine.diphosphate","Adenosine.monophosphate..AMP.","Arginosuccinate","Adenosine.triphosphate","Biotin","Cyclic.adenosine.monophosphate..cAMP.","Cholic.acid","Citraconic.acid","Citrate","Deoxycholate..DCA.","Erythrose.4.phosphate..E4P.","Fructose.1.6.bisphosphate..Fruc.1.6.bP.","Fructose.6.phosphate","Fumarate","Glyceraldehyde.3.phosphate..G3P.","Guanidoacetate..GAA.","Glucose","Glucose.6.phosphate","Glyceraldehyde","oxidized.glutathione..GSSG.","Homocysteate..HCA.","Inosine","Isocitrate","Kynurenic.acid","Kynurenine","Lactate","Lactulose","Malate","Malonyl.coA","N.Acetyl.L.Ala","N.carbomyl.aspartate","Nicotinamide.Adenine.Dinucleotide..NAD.","reduced.nicotinamide.adenine.dinucleotide..NADH.","Nicotinamide.adenine.dinucleotide.phosphate..NADP.","Reduced.nicotinamide.adenine.dinucleotide.phosphate..NADPH.","Oxaloacetate","p.aminobenzoate..p.AB.","Phosphoenolpyruvate..PEP.","Phenylpyruvate","Pyroglutamic.acid","Pyrophosphate","Pyruvate","Riboflavin.5..monophosphate..R5.MP.","Rhamnose","S.adenosyl.L.homocysteine","Succinate","Sucralose","Taurine","Thymidine","Thiamine.pyrophosphate..TPP.","Tropisetron","Uridine.5..diphosphate..U5.dP.","UDP.N.acetyl.glucosamine","Uracil","Urate","Ureidopropionic.acid","Uridine","Xanthurenate..XAN.","Xanthosine"
"C59.1",21.8150400035511,16.0617650675314,18.4101000785664,18.6159653616717,18.4681586903671,13.6748898435597,19.5229142432339,14.6759841780629,16.5272886095443,14.0251221010861,20.2285915517261,23.6683890479766,25.2140062679586,17.8285268696692,24.8731405740606,20.9710430073729,18.8860358109097,14.6093417560893,18.8198966151229,26.423215195178,14.1345251237096,18.9154578972463,23.2207176567344,25.2500975300977,21.3539900039959,20.973002204081,17.5198295996492,12.4676728978648,25.6888411866264,15.9122848257718,22.5387067349973,19.7553921688855,22.4864028041827,20.1570400588276,15.2389140296019,13.7422679290646,27.303205685258,17.3503769767231,24.8049918866031,12.5789486246361,17.8264176688307,18.0526798327124,24.0210107649241,21.6528532940084,16.1722092105824,18.7500519419082,19.415129127268,13.8863424980392,16.7037934042118,14.1512066975606,15.2946095538128,20.6649522554622,16.5860514345855,19.9429222983599,17.8619393107316,16.9142544307295,24.2874982808914,13.3097664613446,26.2722958828411,19.0770461162095,18.2554391713248,16.8690194205781,17.9440133606042,13.019001163591,18.9788776731187,20.4586076372597,20.0812191410904,21.2249090097982,15.4476507973592,15.6856698561248
"C59.2",21.8097738633952,16.4152840554124,18.885265268222,18.0636196672528,18.6686006144702,13.4553660250665,19.5022372990444,15.1046412802555,16.5004974742346,13.957033963369,19.8760344873579,24.1616846369063,24.5084147291162,18.5482042469805,24.8761516478723,20.6747141177081,18.5834030063423,15.4339533501438,18.5939251477089,26.3627694193882,17.5620894874736,17.5609177449975,22.4909661587699,24.1529584566581,21.4419263119599,19.5606661777371,18.1348842798519,11.437649839979,24.5043013362183,15.2316730374393,22.7054273056156,20.4262303424971,22.8272208694101,20.0059991752799,14.8798925583586,13.0755269593703,27.5378119754798,17.2021750726001,25.2126160926376,13.2267877200321,18.2181452091915,18.0382021878114,24.359057653611,21.9639451080816,16.9636886780408,19.5478708519055,19.5240919047119,13.9635236568122,15.4705578450161,13.2630650739529,15.5151205650077,21.0614726104599,15.245750580321,19.3471428795635,17.6721774159458,16.298950573766,24.7170411167097,13.5434615149776,26.5229553684785,19.0050461029814,17.8496029656291,16.8899084324034,17.7757668482645,12.8737280226018,20.7624513411997,20.9802501063454,20.4847076041883,20.9564185971286,15.4928571673469,16.1803715485551
"C59.3",21.4236410068323,15.9523040311906,18.4797903692405,17.7183415362412,18.0247694821742,13.4477184202358,19.3416335305602,15.2091818317985,16.8077446715643,14.315244872676,19.1217533690897,23.5693516957206,24.9993189242291,18.3860605652796,24.0183115925885,20.7454853830775,18.7374507341564,14.6798071534819,18.148395363265,26.2073993432834,15.6725357063849,18.8369859877092,22.8581460942029,24.9102860434039,21.3356820089908,20.3154188716326,17.235490031645,12.2553071588287,25.5007934401221,15.842233702427,22.8603539226447,20.542649045673,23.0020754315465,19.628546671981,15.0638189369882,13.5357642416287,27.0060877034881,17.2310369142416,24.8021091695873,13.42848497812,18.0858932284204,18.2976236978687,24.444635803008,22.0859875919011,16.5340186594058,19.2382574977321,19.4090014991316,13.9117773051287,15.9526848792733,13.5158102479628,15.3342205846403,21.048053386578,15.5438549826284,20.5163487458305,17.799812750785,16.4609965422144,24.2999900561786,13.5010682495495,26.1818241295133,18.888907657553,17.755249100711,17.6033026125178,18.0759678831737,12.7971728196798,18.6421750163423,20.4811948062478,20.333572752103,20.8468608249589,15.2627099599869,15.7878735811985
"C61.1",21.9363337202845,16.2507493355507,18.7403411438317,19.040455956082,18.4294732346941,13.1761454886385,19.5300195238195,15.1434634661333,16.6751139584294,14.6440045730572,20.0002380581604,24.2818677816672,25.3760061437812,18.4614748748316,24.0586074978205,21.3210844219262,19.1893688317563,16.8148983127542,18.8330324726492,26.515262737303,16.7367991546827,17.9592019831922,23.192717668452,24.8103531532013,21.3159389379975,20.3986809368392,16.7408103336069,11.861977461186,24.8331501705224,15.4697376453484,23.3597306702884,20.3962078783063,23.2669328277801,20.0470914343637,15.8952155795241,13.4813689022473,27.6515351665802,17.5391119871704,24.8975042586238,14.0800248356765,17.7955352440182,18.0995338391591,23.9630962444825,21.4489225914371,17.0167063765127,19.4814181541512,19.3515032418091,13.8068901435761,15.7081192154575,13.6865048183289,15.2518167903445,21.0488787066423,15.9666068297774,19.2071411193555,17.5389563881093,16.579996603502,24.3287957632347,13.5729327601511,26.5585892197056,19.4239397014205,18.5861365751336,18.1352571149808,17.9555511017236,13.021222151728,20.8949248039488,20.714090715434,20.5244689750094,21.4691443915433,15.4798745706018,16.5124353168065
"C61.2",21.7928294725579,16.2584358644981,19.1859640348412,18.7096219257085,18.0934020404192,13.2303698167899,19.2238366421891,15.5653685411955,16.662563862006,14.8894973059269,18.7120800315367,24.2624006574548,26.024643006997,18.7579276203765,23.5113829028575,21.190116527323,19.0069645112137,17.5897028914383,18.2225292839736,26.1661100586727,16.3644759514306,18.4059929600588,22.9102530793954,24.8662196972856,21.344471730139,20.385416594515,16.7762192241027,11.7908010119869,25.2917513366828,15.5589955500975,22.9362994050773,20.4478741748389,23.1668102657147,19.102627243495,15.1191975963833,13.5091347227433,27.6730270069176,17.5801508146612,24.7012103890989,15.3115270477493,17.9786719051811,17.9110716563311,23.8710681743851,21.1741616815234,16.9682096922681,19.4676218401517,19.4625505102701,14.2886009509218,15.4200956208346,13.0490141994711,15.4691707759279,21.2798051114468,15.7344163957179,19.9663164082027,17.4387382954604,16.4644275673751,23.9380191863541,13.3205105164409,26.6072564669408,18.9593420524414,18.8054370619355,17.7205727888958,18.2062612465484,12.9118755381755,20.4875537121319,20.5808688406476,20.5182966272859,21.4016502906104,15.5318090216412,16.3050376399065
"C61.3",21.7432450063146,16.1079840000882,18.9083794023673,17.3523339227832,18.4855192652699,13.084323404833,19.422520844318,15.2839308296039,16.8365189148203,15.0041363752157,19.9367257512242,23.1314715608476,24.1901328138771,18.5355675693348,24.1855294391988,20.545505410257,18.6458238182845,17.6560809584394,18.7689273210786,26.3733038219238,18.7994779520319,18.0442722398904,21.6953960967304,24.2555906945344,21.103561364293,20.067137379757,17.0813014297437,11.5196646470402,24.7088118044205,15.2302459504307,22.6744314102773,21.2794934891722,23.0565405581864,19.9673921664219,15.3725651402876,12.9890827270895,26.9835598063928,17.5063392111956,24.6602650381284,14.3635397178338,18.0606441615607,18.0801994710559,24.2846349865229,21.8560331407312,16.3671566883053,18.8929957658243,19.3893441784944,14.071854580428,15.8370057462433,13.7233303093991,15.5111849443602,20.9888926731139,15.7036391150514,19.0935367789967,17.8832356449263,16.4463489337607,24.5435019767296,14.1368667924089,26.2714250157556,18.9631102136579,17.2008378034166,16.0341190422518,18.0336057559224,12.9451513278387,20.734484303553,20.8958190102816,20.3773721974674,20.6670052475818,15.3064996573367,16.4285452779138
"C62.1",21.9618843079381,16.4147058250491,19.1374856016114,18.3670993398604,18.4596972306924,13.5749512669792,19.5958307718322,15.423927495346,16.9273154509241,14.055324303706,19.8710065416938,23.9660153088591,25.3069698419506,18.7435032308089,24.4869217326839,21.0545685392822,19.0604466716162,16.9618167301961,18.6015768470246,26.4997654535902,16.4394957041416,18.5953898097734,21.9892277742841,24.6958794466428,21.2840388946199,20.3442860400164,17.0190294109414,12.3017106835367,25.3128603310994,15.8652719077592,22.864679132776,20.4794590216462,23.2957636701525,20.1935794222995,15.1614328435398,13.7191737339609,27.4599661902364,17.3708755181711,24.9705883773132,13.6443451105829,18.3435185064308,18.1337324037455,24.5688651419475,22.2077102714591,16.5888631482178,19.2408482215471,19.4957189106513,14.2272262645016,15.9379367348263,14.0155234625811,15.6527647490816,21.1099255988232,15.7093048469823,20.3286714508218,17.9886354436679,16.6636145115013,24.6614301127823,13.3651929386161,26.2953766815786,19.0111771435502,18.2562891548928,16.5493483169323,18.169735457713,12.996433099521,20.0635596055827,20.7028998705686,20.4853426719929,21.2252247734641,15.4356783062834,16.3815060864619
"C62.2",21.628059679249,16.1648762694857,18.720027158281,18.6665508622722,19.7105641803296,13.3279965201172,19.6789476215063,15.2403095347921,16.6139575603968,14.1198804792784,20.1018588269084,24.2893522941238,25.3144203870354,18.3380158309849,24.4420015519892,20.6615290223102,18.7379941990875,19.1686363205275,18.7358362136783,26.6884404955299,17.8679493472336,18.5509872355317,22.3571472884442,25.1511120423824,21.2461284075411,19.7071023007068,18.2851563281615,12.2048425390418,25.4459850261636,15.9352219930406,23.4223292442349,20.1312632682561,23.0723267437595,19.8047937099052,14.7634177723193,13.5675270167288,27.2021693473721,17.4466197242993,24.9980887403841,13.5714164328994,18.0144742662302,18.0519089634856,23.4364925481317,20.6379027032743,16.7622557749416,19.3155326900446,19.4905525458851,13.9445153332752,16.1733925547691,13.8911487794166,15.4773339930776,20.8886941372117,16.1691614679515,19.6282890755588,18.046388236434,16.6095476225782,23.9195875683352,13.4084107985897,26.5415679495335,19.1080485132204,18.2512568569303,16.8123684486389,18.1623334553208,13.0042423900667,19.7123602860236,21.4819444443714,20.297763821456,20.8797109555046,15.3061619002436,16.4043628426947
"C62.3",21.7105443778316,16.1246380609206,19.0192600354307,18.0555537848803,19.1029955817447,13.0608063531162,19.0360716994232,17.8322156834881,16.6501520469438,13.8565742015023,18.9530979866993,23.9755638018763,25.5492715505918,18.6976637058825,23.6828663204887,22.2886110348491,20.1004998066536,18.0588611419625,18.0727211034348,25.9989229912961,16.1992952789548,16.7761927626542,21.1272670108274,22.6860135778682,21.1565154840232,19.7522472852001,17.25206543964,11.0434223319174,23.5279225951654,15.001644609716,22.7600049248275,20.4345660760355,25.9796674848307,18.7079793739411,15.7079545516896,13.5622218826805,28.6631614152573,17.8203204835875,24.7979886289588,13.1986726434385,18.1213477185519,18.0539202347739,24.1544494176339,21.8438788297102,16.6620129044991,19.1425203596943,19.4040956723973,16.6075431163348,14.8308753873761,12.8680633239682,15.3186084837833,21.3052380065359,15.5061420874279,18.9718524552249,17.7438881557589,17.7384377808498,25.3193895043218,13.2307056533398,26.5617632229971,19.6753003885554,18.659614125857,17.4029468023408,17.3367863218113,12.7923853473018,23.0552225989652,21.3444678240471,20.4525047428225,22.4676298562719,15.5323850420548,19.5916184747072
"HF58.1",21.6515413849192,16.1453987395512,18.6327164023068,19.0222102182696,19.2258807930817,14.1406848851675,19.3064555805728,15.654733303212,16.6663664534691,14.4417915463947,19.7926506980858,23.9553054743419,24.6539071074437,18.4790361891994,24.2935490041204,21.4010419941052,19.3197420482967,15.2348354338127,18.507592983842,26.1597141988228,15.1579818801222,18.6415708516968,22.4845743197765,25.1747010271228,21.1924917661472,20.1595860907402,18.3866610543818,12.7128304727313,25.58590373373,16.2409951940362,22.9161488150782,18.0878463050496,23.5859197883158,19.670128368409,14.8320113765472,13.7775811556176,28.4381176805646,17.4925032252506,24.8568951753566,13.7895458401035,18.0874401960956,17.760911127761,24.0452854862185,21.9132902426522,16.3764122521405,19.4224920573067,19.1596325198956,14.8460703770205,15.9391633009706,14.5990470866478,15.1731119586043,20.4204223169125,16.2492760015273,19.1738503774081,18.2911260512588,17.1429666430603,24.7340976181276,12.9996881417554,26.2955829412518,19.6219305890839,18.0584463748053,16.1523882426443,17.9825804011629,13.0234446948335,20.2146260653681,21.1579271002965,20.115655684731,21.6784257429252,15.753438288762,17.0365305164273
"HF58.2",22.2845277372722,16.8239088134713,19.5484307778346,17.912970785012,19.0816380292036,13.0918451655396,19.2290344889018,15.8402646490997,16.6569251433946,14.0133104560993,19.2933754556706,23.9251768190045,25.7067294018891,18.7091631454867,23.86693681901,21.4603986004628,19.0232633619352,19.5264956735753,18.5305981863373,26.2999275442907,17.3945339703876,18.4127633322264,22.1380380899184,24.8925773713935,20.9836300073627,20.3616580529885,17.848445416038,11.7848465679901,25.2089817495242,14.9184484040786,23.1570975616521,19.6196770579024,23.5082439675783,19.4471579804305,14.5069155108614,13.4883636615026,27.4249946996888,17.4057694201486,24.5150074411524,13.6242746406445,18.268549081003,18.0975620442983,23.796952163437,21.2647734620088,16.6334981366544,18.877003014108,19.4126274301266,14.5542627694193,15.7334915691231,13.5569133362856,15.921265049181,21.4932025207234,15.7333887911819,20.4167246097596,17.6028917434826,16.4761180594304,24.2442686542951,13.3996192104917,26.3775148940333,20.05000027048,18.6140550753343,17.5840152099746,18.4148474336231,12.9355238123858,20.9425906066105,21.0811193176681,20.4119371335751,21.6235358895618,15.7234976236104,16.6607685531919
"HF58.3",21.8623422980716,16.3256302212279,18.9628541330565,17.7625920683156,18.5237186034716,13.8775131831741,19.3759356391669,15.1166064367543,16.6718400154602,12.8297997541255,18.8497966621523,24.131446195148,25.9695926826831,18.3927746371515,23.8911234898903,20.9752899321686,18.6814643174444,16.4311749659822,18.3287219605099,26.2063532093929,16.8758289214295,17.7620678685188,22.749187276699,23.9202218696042,21.1833926733621,20.2218927395622,16.8087353037247,11.0579769381351,24.5023546610173,14.984333415319,22.551421881875,18.5587036768198,22.335504185461,19.3669906369874,14.975739042204,13.5798042684213,27.1222285894781,16.8470737351082,24.7770127225466,11.2966732847228,18.1344382499811,18.0012592333945,24.2227144175617,21.7861006448627,16.7363794518835,19.0929145789024,19.2728211254413,14.247810935835,15.2669999546766,13.2125593504287,15.6930894437861,21.8385662923799,15.365794683158,19.7252878253217,17.4399306398127,16.3855606335258,24.4110889383086,13.7741988265705,26.2691371345755,18.8602587155852,18.6497403990278,18.3948955685001,18.8361865873523,12.7766788664155,20.2198918130883,20.1478049474183,20.3471432766638,21.1811132678889,15.4255116902034,15.9654977341864
"HF65.1",21.6630798284213,16.1257550462813,18.6476757680288,18.8544761940825,18.2999838372077,14.2417270746652,19.3967601353761,14.8434698757434,16.5424181629306,14.5728362445156,19.3537212759124,24.0496599769933,25.7814494178783,18.6197222719542,24.0978359318435,20.9917774667961,18.9776176584718,17.1300257528205,18.2920055822155,26.4972410545301,17.7141360635855,18.4896283895738,22.7516374616449,24.9570377209892,21.115598201726,20.1616525456848,17.5692126459607,12.0952955707885,25.3405761911762,15.4437087933444,22.9432704453168,18.779792470552,22.6341949704422,19.2432664441708,15.2262907260741,13.4418294037979,27.0250613450243,17.423090882722,24.6371439682112,14.1329854262979,18.2261772498112,18.2774904293127,23.6170436124587,20.9356933331096,17.086721431183,19.5808983158403,19.2295670979287,13.550545082884,15.4795011121113,12.9751884894698,15.5411358637526,21.3968215818199,15.8346776324999,20.2641120002277,17.4553053951223,16.1823069258418,23.923481319743,13.6096200241018,26.4244251731201,18.5959322725598,18.5551822994531,18.2042564223694,18.5541897245324,13.1123813650659,19.782976487571,20.8512356123066,20.3464369606114,21.1834002819689,15.1534458832923,15.695575896876
"HF65.2",21.5389406941163,16.1156055385125,19.0364280682986,18.5057349432909,18.0330327048977,13.6531239399261,19.466501057842,14.871220154316,16.233496924951,12.495901134973,18.9726318469656,23.7302781037227,25.8287085408776,18.1372792183453,23.8023883536121,20.2341484419779,17.7928126485007,15.6422225950574,18.4214825339692,26.4148182530777,16.3109843044073,18.0026111020829,22.8308181355821,24.2003396298677,20.938773568934,20.1451629967793,16.449796930118,11.8430559945535,24.8098872239875,15.2820524111096,22.2590833741398,18.4809401272328,22.5761164462529,18.7972500029143,13.9899874388495,12.6522976541798,26.8206234731522,17.260945960292,24.5540328967081,10.495714392116,17.8814271808367,17.6233062443708,23.2172557851677,20.6274457730388,16.3492848030691,18.8549697228433,19.1001346615729,13.9529928205052,15.5406554068,12.6393011310825,14.9319768266849,21.2733133182562,15.6432026371135,19.8435581481724,16.7435159678052,16.1402083599798,22.9792413947625,12.7094764245518,26.1954464436093,18.6920145778992,18.8501141111329,17.6902968014023,18.574631979222,12.4512484069317,19.8418828276499,21.2312595958134,20.0797544832952,20.5255444240735,15.2213249414465,15.3684737627108
"HF65.3",22.15318862156,16.6844749657319,19.439077894698,18.8322473323775,18.9982843386178,13.7697265356076,19.5559202511163,15.1038856153659,16.6337760887338,12.5881405997259,19.9049996375683,24.3571753538595,25.7496027391243,18.4339266959361,24.1996182989736,21.5023665402704,19.3216163758679,16.4132682947822,18.8688050081549,26.4700039575268,16.8693923460091,18.3308654324394,22.8381463907064,25.2021363280751,21.4836844890575,20.2321343701289,17.0813389357675,12.3827066308763,25.1260058209328,15.456238949556,23.620246087461,18.5297020904095,22.8556541276912,19.7561921316317,13.8598478722433,13.0719462594199,27.9978388493284,17.1943792048288,25.041288347457,11.4522688378178,18.0079805337854,18.0926368045246,23.7609757305707,20.8916913419386,17.1485134671589,19.3122394705429,19.317513000908,13.8792518412017,15.3939411930332,13.5410469154299,15.6463426901316,21.3174528491582,15.8625455730438,19.3831104495165,17.1570726852251,17.1310385024066,24.4826938127946,13.6859041755029,26.6706322802863,18.8898493720925,18.7121228270462,17.3283565521361,17.9879064823489,12.954881652706,20.6269429434616,20.4912759572107,20.5182370335233,21.6708252009387,15.496768929841,16.1379553396644
"HF67.1",21.6137662415686,16.1925633682709,18.6741177073721,19.002455499586,18.6133440613415,14.0016521149054,19.3778200337712,16.3286535382212,16.6163449027691,14.5519185207061,19.114964629771,24.0414804109941,25.9638556915397,18.149985855545,23.1824784921938,21.7575259526033,19.1936080001678,16.9954216501184,18.3118676518137,26.363620423044,15.5103719573533,18.3663977348377,22.5735879243605,25.035125481568,21.3298805920532,19.8556134645619,16.9981203925859,12.2889976724318,25.4049917491002,15.8757527038155,23.2451497240157,18.0060316808154,24.0340406278171,19.0073071977325,15.2271306335751,13.4965505657776,27.7916050824385,17.2609343180989,24.9858313689997,14.1833117177629,18.1712892887252,18.0441908260755,22.6886860011938,20.0704546180996,16.8757499898177,19.0179163099175,19.1952771742905,15.0351101384337,15.4685896397083,14.0192489230299,15.15005553898,20.9470060663433,16.2433517140733,19.6838505290388,17.8318099408514,16.8723423329598,23.9368539496791,13.4576743244474,26.6645214000525,18.7551247462283,19.1415215872524,18.0414252058554,17.65268091576,13.5582077225443,20.6594265857473,20.6603056648061,20.0438329391379,21.9322675951376,15.4253448374312,17.4253134705774
"HF67.2",21.5607881765571,15.8292889082852,18.1458546815327,18.3873893399331,18.5870154290291,13.8845141584123,19.1780710757664,16.8566560245659,16.7545838585739,14.7107374196717,19.0973574621426,23.836963192256,25.9527148878915,18.0111009236461,22.8480747190473,22.2289456287693,19.7362091896601,17.1498756827554,18.2800513304996,26.0582799915546,16.693858432106,18.1828125267939,22.9064878584759,24.9665906007717,21.6796559786879,20.2710945569322,16.8562412963186,12.3065321797943,25.0766810851369,15.8256480060104,23.3958489743589,17.5531482058106,24.9962090086746,19.1639496407564,15.9868624533201,13.1597977542213,28.1560953598525,17.4211237250434,25.0627351606589,14.5798749897212,18.2549436372846,18.1476344725441,23.1797339014108,20.5345433711504,16.5721409836115,18.8622758856439,19.0645197135166,15.6728781427197,15.1971484200064,13.1412235039205,15.2771986817659,21.4726169676979,16.1684534568859,19.722994342767,17.3631265087971,17.6088494356484,25.0087181284785,13.8586910599501,26.273794515217,19.1377810165627,18.9244885179864,17.8690838864416,17.4663730711516,12.8610630295108,21.6841641670248,21.0494810462243,20.2606318948317,22.3972020919807,15.3139672752659,18.0835934965705
"HF67.3",21.7095912798994,16.3030987448529,19.0001675680944,17.9633101803333,18.513283803428,13.8459582828183,18.8995782405366,16.3709368034452,16.6327636972595,13.7761600283498,18.1398412377054,23.3506787290957,25.9300178173012,18.7226595461265,22.5405762875439,22.0432871849001,19.6247919827939,17.2917896268607,17.8499994815757,25.8037326919942,16.9070718586558,18.5721640002584,21.9827710413732,24.5419680276822,21.3605703310283,20.9008991963322,17.2973720021329,12.1576388419044,25.2397846042692,15.3525986406417,22.7848886849028,18.1752967224591,24.4279873389355,19.0361162266289,15.3251232082562,13.1517476242863,28.0197892392998,17.4657414106589,25.064176842314,11.7627447303577,18.0950606150081,18.013819137596,24.2711308472393,21.8700174078935,16.7070989748902,19.0805662247967,19.1947066836358,14.9904218086771,15.3378169863616,13.0645573891933,15.4521425105627,21.5098177950598,15.4846369111377,20.5196661613422,17.4519542454434,17.059424237975,24.9293777236812,13.280562559456,26.2643508665537,19.0126301931321,18.5442510848392,16.2844261086111,17.8448972555476,12.8052202157987,21.236304068033,20.7478113514721,20.4166810553427,22.1903507563722,15.4698243285373,17.5009639081651
"HFHS56.1",22.0822236729886,16.5809667332652,19.4912161499397,18.0871672582245,18.4885057668384,14.4905868374016,19.4446154964327,14.9762947671043,16.8099300961999,14.5772402822827,19.3657370557299,23.5069449513646,25.5626194020216,18.7274576199501,23.9043857664144,20.3283261693734,18.0609907147121,16.0951537300699,18.4894070245226,26.3623672766103,14.0153572096032,17.9408687446419,21.874030844674,23.9381087908053,21.6213968553098,20.1019507526836,17.153954476948,11.4739428535447,24.7221851191085,15.0854818662032,22.6169158210781,17.7838733269703,22.4286771046425,19.3802430576656,15.281984230044,13.1153455174638,27.1413833543096,17.0354382611889,25.1095046818465,13.6135644592208,18.4759142416917,18.2001553351729,23.9673479084875,21.4465003492076,16.683195582914,19.1560145057953,19.1543358927271,13.6845659653011,15.3091301635836,13.8825185999302,15.5451893771238,20.9352538300609,15.8384631868274,19.5866967702561,17.589298815666,16.3095257240811,24.1599947013877,13.7080979936965,26.2844237177663,18.6358254032585,18.4791182381659,18.2656579399568,18.169315599207,13.3477548851374,20.3039771367609,21.104340131949,20.1157242807169,20.4631755807272,15.596375040126,15.77746053352
"HFHS56.2",22.2462162612489,16.7777757447675,19.7484080194586,18.2955515951227,18.9156219285192,14.5603244115749,19.1475233709596,15.9581733932067,16.8011570204573,14.1506680023452,19.8223341104923,24.2573154310237,25.3042202893063,18.5020350027981,24.3230484740468,21.0582978651372,18.9387423590569,16.2030826385718,18.7267925521603,26.0893749959196,14.5315416685218,17.8277953590796,22.4190169227418,24.2339462780619,21.6401716769091,19.857583626708,17.4857926522143,12.1353688590603,24.7955822516522,15.8866389123561,22.8473048106954,18.67151004844,24.0578120050773,19.4301465933762,14.6925267408828,13.5577913395855,28.7528960701439,17.6566409025826,25.1036203218992,13.7408496566843,18.4162770604363,18.0341323526753,24.5154567399063,22.0221292815057,16.9417088909346,19.4533053932819,19.2309024505021,14.5924097070563,15.4811741026923,14.5464158192957,15.8469505805741,20.3778424987201,15.5030781028406,18.7457681505352,17.9171129777901,17.1108731325892,24.903960361248,13.2100295296773,26.788830511743,19.1963870278559,18.6745646594993,17.9341723856213,18.0054002513496,13.1260776748334,20.785430896375,21.6907010915569,20.4858206146256,21.2335375120937,15.8817186754658,16.4846045164572
"HFHS56.3",22.0026270979546,16.4464132707634,19.1837430942014,18.10229234603,18.4540467612782,14.1147455531426,19.0806856980796,15.385770669336,16.5238707205833,14.7270633156103,19.30020551425,23.8794019349554,25.3554220316741,18.3366365297823,24.6154340636049,21.2475484539542,18.6786942102057,16.4903646934244,18.3465435647791,26.1628591215877,13.7231997062957,18.6564583511246,22.9308626308811,24.8356176358411,20.8058332752852,20.562497272259,16.651876332317,12.4172749368442,25.2588592528974,16.0524687758898,22.6207451449783,18.2399360947309,23.0878139958121,19.6002833657951,14.7057318112279,13.4512971237961,27.8699392772212,17.0007822490964,24.2794297754562,14.2405323496293,18.1074517019252,18.1015117164632,24.3783332604443,21.9903843238743,16.2819055227042,18.8386254445123,19.1266847911523,14.2153456462483,16.7935363909795,13.9643860471413,15.1060161123939,21.1251479116832,16.1230310114521,20.1596579528269,17.447221880508,17.0157944789436,24.6719605959714,13.6483681965345,26.1794456775486,18.6057061485311,18.2163472302142,15.7728124261401,18.2825762140822,13.3914238664868,20.1276759195172,20.4084161166077,20.2837070101241,21.3697807168654,15.3658520139536,16.4731658523563
"HFHS57.1",21.9505624143789,16.3405165013398,19.0986815216321,18.8501777624348,18.553792424881,14.2948069940794,19.192898142534,15.9012586552971,16.7110572852674,13.5617804211321,18.9748063715839,23.4785014917095,26.0691788015461,18.5103525190548,23.6285216984506,21.4798536469371,19.0242559099399,16.0563210665146,18.3436323845068,26.2348062974675,14.6155811136791,19.0415776855366,23.4237714118052,25.1049931598073,21.8724281348863,21.0517802537375,16.6959983860003,12.438008876368,25.6232314398848,15.9875222831225,22.4870734601469,17.819329525854,23.3637355064871,19.0047670434948,15.5693915651916,13.8833261499734,28.2763266512686,17.3547676431292,25.0717819163243,11.6824514406136,18.2196291836255,18.1788643740054,23.8736028367411,21.5479696202666,16.3908897895687,18.64872209117,18.9707482937946,14.6071651036111,16.010823353676,14.1131158386121,15.4409456594025,21.13920371084,16.2491069218048,20.2143638783477,17.5972263711168,16.9787491120815,24.7541962641769,13.4274561685709,26.2110483430761,18.9591563932732,18.7542078121283,16.6569195714435,18.4809913119014,13.0336611394698,20.5935712237351,21.0120623799723,20.3156772076451,21.6488024127199,15.5608376495977,16.7475531229218
"HFHS57.3",22.2878566028134,16.6500896749438,19.445483836405,20.0399372142186,18.4916702859818,14.4361336850806,19.7220097571659,14.0762733831773,16.6289462000246,13.9136807344339,19.6152290326393,24.3059766720589,25.3794189687891,18.5257584347297,24.5035059481305,20.3381057974086,18.5023098968525,14.3040039223789,18.8042983877755,26.6497269067032,15.639575588929,18.3561961147877,24.2703920864823,24.8769745631148,21.1359679763425,19.9819856031061,17.0257797031459,12.6908850440379,24.9929525753144,16.1826291926449,23.0737759838316,18.6556540538958,21.6812457169641,19.4648550477786,14.3494972354491,13.302154729485,27.3239358541979,17.3878831832405,24.7920601354238,12.709282920529,18.4704156388163,18.0608705797305,23.5373487671881,20.8926053499911,16.8932757868379,19.441898343013,19.1374119599192,12.804050515457,16.0186955082521,14.0641455388116,15.4813871133362,21.2642100849355,15.9685848184647,19.6606588860098,17.534113987924,16.8722400352257,23.5304049547198,13.3664430255905,26.6418055921457,18.6133568898049,18.5920776778978,17.7150902519564,18.1381547683678,13.3824158774723,19.8742176603616,21.0954319039427,20.3947600373636,20.517578480479,15.3269964584809,15.0766632882998
"HFHS66.1",21.8692718312103,16.3802949589086,18.9810614027029,18.6370540657911,18.7804630119855,14.076982368771,19.1265832673037,16.2116658210104,16.6669245435701,14.2863039228487,19.3451444925603,23.8367700659826,25.3469641543942,18.5049571504381,24.1967770915372,21.6686220259938,19.2535638888442,17.0423585392437,18.3430306336844,26.1577042535199,15.3972240307606,18.7500375111373,22.8753744614281,25.5007371624179,21.521440794844,20.416147161837,17.2112647863744,11.7048497298815,25.5818968866165,15.4366934111993,23.2821932708374,17.8555396267519,24.1058849696554,19.3064375392284,15.724414484527,13.7154800388867,28.4160710349425,19.4912016502092,24.9636305732158,14.2443365358984,17.9267339852578,18.1161252843127,24.0141909800177,21.3362771996169,16.9283726159807,19.2318370027423,19.1279523152009,14.8575489411186,15.7328771633687,13.833639432044,15.5101288603445,20.9581033639577,15.5806529493206,19.9257411328044,17.2970624536696,17.4933264357796,24.7984198024597,14.4438354973766,26.5172564970115,19.1933133424494,18.3722551544493,15.904964075693,17.9392179158589,13.7658927817797,20.8303321626699,21.1061571082642,20.3251106389883,21.9493657858023,15.651894763977,17.1607110625635
"HFHS66.2",21.7563164150172,16.1049807543523,18.7256640157551,18.3044765704375,19.1781439650984,13.977904331111,18.891275184075,17.1063068840393,16.6090837539362,14.0617878524014,19.2219179460146,23.8295310312872,25.6303055162243,18.3439775425714,23.6007394322231,22.464377237354,19.9721110528547,17.5781690443271,18.0352835510381,25.7467241814687,16.4031473888224,18.0474561926509,21.7934872257983,24.5315556330295,21.2865356319234,20.2063915085698,17.4369437062187,11.0313667050342,24.9798289621354,14.8464262455539,22.8305053421262,18.7985137918309,25.5584902583742,18.9514767716929,14.8635114423723,13.5335034644637,28.5664482824351,17.502441050525,24.883075367638,13.6587995455754,18.0461613692506,18.2149594620439,23.6783117670555,21.1329178014846,16.7358170994868,19.1031653512778,19.1720232551481,15.7770756731383,15.5165702097456,13.0868530787048,15.8135880449123,21.3803133662437,15.8559392366368,20.1250031901259,17.674961711038,17.7739941513382,24.9316766596521,13.6030263269913,26.4578203187626,19.6780374407083,18.4354037485894,17.6896375853081,17.652211643276,13.0825746116638,22.0654950533023,20.9371493346595,20.3600233912761,22.6319970198468,15.4991966876173,18.4089448197591
"HFHS66.3",21.580834084502,16.0098921471813,18.7896638398793,18.8344781102669,18.9215584112628,14.3812413818033,18.8534016811284,17.0216470848584,16.4266200510237,14.4543238943852,18.5600142862549,23.235149727114,26.1586725890747,18.5030991314437,22.5552524029549,22.0697640982402,19.6414758627827,17.272101633596,17.9497737220187,25.829927525681,16.3583146246561,18.3563445836132,21.9701303453559,24.4000295293672,21.2625221419433,20.594812683152,17.0123625038938,10.3911067797393,25.1280949759664,14.2545558781147,22.6866302112891,18.5368153735444,25.0743615471031,18.3025333186643,15.3694708469862,12.8997796364307,27.6705644637759,17.5366540585262,24.6722291710691,13.9167713004904,17.8877874563988,18.1361418848828,23.4748167047804,20.794775080383,16.3918769949841,18.6563356237147,19.3116438530139,15.8497447101727,15.665253063341,13.3656677866538,15.2567196417042,21.8147344876729,16.3270789004561,20.4887275358994,17.3586204991026,17.1217261277999,24.6863397652367,13.6543991976825,26.1638961908531,18.822015959431,18.8671702662057,15.7868513001012,17.8880790963135,13.2650939352198,21.7699480841129,20.6103406410717,20.1939319790105,22.2757537982364,15.392507267568,18.5888506636369
"HS60.1",21.3852877751638,15.8452078469947,18.5785347598135,19.1174552080884,19.8311540096991,14.1983269484812,19.1610583561454,15.6747956048766,16.5405599067459,15.1853525869919,19.2090657814827,23.9395592639798,25.3967328869573,18.3953864853847,23.6023972952915,21.3240231018394,19.0268095978334,17.8169361949988,18.1495695006418,26.2055766994122,16.8754270114847,17.9756154627341,22.0074126647676,24.4470977089673,20.4121543258512,19.9085727630346,18.1687411750886,12.7337147027926,24.9477857023297,16.1318517244786,23.4003923755809,19.6721535020726,23.4285854105645,19.3874559222116,14.7668895785573,13.7048421704164,27.3577206245466,17.9735288941158,24.1961591969474,14.4666794414191,18.0795853234837,17.9285319104153,23.4295713744216,20.7868717610826,16.8800043942357,19.045060519788,19.3940024377447,14.4501398880841,16.8199038789688,14.6445440529665,15.3196269642727,20.9579591255925,16.0031713699317,19.3639615386345,17.9040506985291,16.7293813063094,23.930706661998,14.0055374630608,26.5155855983906,18.7372494617838,18.4204273201859,17.4142785680214,17.8100728712128,13.5361050855555,19.7413942353894,20.5775783510121,20.0443027301204,21.5280175579663,15.54697664153,16.7933451216137
"HS60.2",21.3767390889049,15.8084029693458,18.2184967834857,17.6708626408697,20.5010758382241,14.4145569098275,18.9805491575097,17.7831850887871,16.6910626011918,14.7513046848505,18.9766980905871,23.0698507243423,25.6316885165432,18.0037196092987,22.2417410920591,22.2535733281507,20.9044371801463,15.6265629398257,18.0023797694767,25.9300852076779,15.9125325722776,15.7275308584528,20.8993438990537,22.2518601135428,20.4704254702901,19.3223518144986,18.4053650681032,11.1751647851692,22.6404013093739,14.9294694654498,23.1130354666167,20.1129419126945,25.9391040260154,18.879926159763,15.3198309034935,13.5164745259506,27.6494456770528,17.1085703364346,24.0686477586052,14.5501515187525,18.2879956319833,18.0891227126943,23.8820148067438,21.5123794149302,16.5753598565056,18.8717390571344,19.3102795108229,16.5188115920442,15.4354663142218,13.8565396646372,15.4844931594856,21.8268754125126,15.876749203618,18.6187698446606,17.961214532197,18.4824029768464,25.1033709224482,13.8234958957003,26.3785227527777,19.2492817918363,18.5500050682925,17.4464516639593,17.2013021618742,13.6962245623661,22.0726630566865,21.0752692264793,20.3004172463939,22.4417070404912,15.6505609487537,19.2237186621663
"HS60.3",22.0034985915143,16.5366422090733,19.4621552925096,18.865484031534,18.19186106252,13.8608219058767,19.7025888306929,15.0895508004691,16.744177255516,14.4535597062136,20.131050311288,24.1480911063002,23.9854305791682,18.5807459074265,25.1546992644875,19.71171931749,18.056272417012,14.4170848452667,18.5601495309598,26.5903818238409,14.485334021875,16.9664725232205,22.1800010411289,23.3167550624242,21.2919364945071,18.9164538899625,17.343770005225,12.7244510838077,23.7995478416666,16.1179259056353,22.6832113043723,20.5206321433777,23.1828913775764,19.7480981738707,14.426231735862,13.7017404737227,27.663678350847,17.2200646231593,24.928238600056,14.0212640333174,18.2066948715839,17.963839620306,24.3385023783572,22.1082001840327,16.8078026663796,19.5798332669487,19.4262077319378,13.6774859669325,16.2198931032084,13.6902302258199,15.4364633287618,20.44563831527,15.6029937953663,18.5082136499276,17.7746314442101,16.6676328053155,24.278634845634,13.438463156588,26.6071532899219,18.9847581565098,17.9656068892209,16.3876080614007,17.8085628385748,13.0465841328768,19.6025219762873,21.9832944228776,20.4860946120792,19.9915167321984,15.7580056943006,16.1145759265023
"HS63.1",21.2557108694918,15.6771191417326,18.5149971469714,18.4070164519734,19.1980803585224,13.9532862216461,19.273215711947,15.4380541965512,16.3205153109375,18.6897526617227,18.6488392234825,23.3699020486746,26.0193742427492,17.927186870823,22.304366574827,21.3903616526968,19.2328412324576,16.39443555382,17.9322654088752,26.2260420799741,15.0831463117554,17.6972613577494,22.1220844832052,23.8032117260391,21.4276705446088,20.1041757827322,18.4755884921018,12.3402107519743,24.6608627489916,15.8615454043264,23.1156428568494,20.2631242545041,23.3478786294867,18.8444724432928,15.5551842013291,13.6725817264098,26.7971387656865,17.1934515574501,24.9520280152947,18.3535252958697,17.8537958524544,18.1199106587242,23.1686476189845,20.5089097127151,16.2142546753552,18.2046775178759,19.3765479371304,14.2375299613261,16.0949414187503,13.782042504606,15.2597721136388,21.3542347994365,16.521781328378,19.698480768009,17.5948941264074,17.0075619366776,24.0266715095558,12.9685209911916,26.1484647557765,18.381693823185,18.8152510359441,18.1922414638076,17.6895962697603,14.4287524124631,20.233577766088,20.7671863029619,19.9615478252852,21.5745637637417,15.5885450496359,16.7113320755857
"HS63.2",21.7110981700087,16.3194082089594,19.0923283447088,18.7862180514428,20.0630937477819,13.1706787533819,19.8356116697031,15.2190206110962,16.6143040419496,15.1829592532118,19.8873872619798,24.1258315848027,24.9596679210039,18.7789654290067,24.5449850790132,20.4052418911005,18.3327830497359,23.4443484690425,18.7143591532288,26.6476110364059,17.3846319689408,17.7208976154222,22.3588621164245,24.1264407152816,21.1772132539432,19.1069185653003,18.4941805072026,11.388778361882,24.6127623858411,14.9035808699092,23.5040540419652,20.5438271462422,22.9020880935028,19.4450097730081,14.6182242377022,14.4857363210089,26.6534086614512,17.4318069257641,24.7560370279224,14.5104957606355,17.8389305625401,18.3224477703263,23.8216344120973,21.2168201024555,16.9000810629658,19.1096542461446,19.5159364497399,13.9536056792149,16.4849921991214,14.0378920529074,15.7033053124366,20.5932701999178,16.2553565445626,19.0440055271374,17.5687807695549,16.209707359526,23.747833599132,13.0454195894521,26.5577776544061,19.1605238579519,18.1853021464181,19.4532684951452,18.1210674963835,13.2258498859135,20.1532363303694,21.2027657363778,20.3495562534836,20.6097545451663,16.2026183907987,16.0589153741648
"HS63.3",21.6047634548335,16.1596903825999,18.732376216422,17.9547204291155,19.0791726103095,13.221473005042,19.2266993142147,15.9633150538768,16.9378544586594,14.4348143469028,19.2286303536281,24.2420102198534,25.7187911334459,18.8900571631966,24.2042649520718,21.8180388504228,19.5672129170826,22.26973286482,18.5191899614825,26.3176350918899,16.6356859222962,17.7042801065984,22.087317686219,24.1958802469091,21.452505569889,20.086584843529,17.8701410194912,10.0376124238989,24.5941089896736,14.2231392738333,23.0674698163813,20.55919341002,24.1003822825683,19.6273345079319,14.935291993161,14.0497387204033,27.8659082553733,17.7597992940304,24.9735735031675,14.1678668299675,18.1111528253826,18.6222229164144,24.4260119567759,21.9997676570716,16.8483591917565,19.1518387415208,19.3776672333986,14.7392275956008,15.263558640332,13.2931602011346,15.9815007987172,21.3282646504467,15.5007825818645,19.5893142093046,17.4167500017242,16.7362635709155,24.9181868354653,13.6829445583591,26.4411992516709,19.568834599191,18.7503776007273,17.7266116463913,18.0485229498837,12.8423417157913,21.8155748270331,21.2287136221715,20.5976670062878,21.975750374027,16.2547818659895,17.1341371505792
"HS64.1",21.6518321970307,15.8892796883972,18.2452831046773,18.1387340024514,18.9318893140109,13.5668960506701,19.1894273280448,16.8232800084973,16.5543958107986,14.2847071746662,18.9471157539423,24.0091461356201,25.7052850661415,17.9387245692406,23.993970402441,22.2384394482857,20.1344859046579,17.1154110181507,18.2388198242003,26.0110773158004,16.7985122099026,17.0475252231212,22.3129492396799,23.2256388231157,21.225685227198,19.7297865548495,17.6786548662843,11.7317594677511,23.774161536078,15.3779715364476,22.5624926333181,20.0342422073744,24.9240404939427,19.0813822349058,15.4247458106835,13.7054040453949,27.8494437308956,17.6385280141502,24.4533315316832,13.8896897602515,17.9699476554678,18.256367569951,23.7672639585078,21.3542152455557,16.0695517387406,18.6396922132881,19.3019971535978,15.5146287292169,15.9997029113987,12.9960092551395,15.47736940694,21.7890107499842,15.609102031598,19.0984652274471,17.756023743636,17.4975385178862,25.2220389539251,13.6137438163101,26.244567540999,18.918581501996,18.7235700660889,16.2200625906326,17.6066375183317,13.185954928734,21.5777794088326,20.6928300452133,20.334659514337,22.3177818168043,15.4410463769237,18.1057362371699
"HS64.2",21.7166645999089,16.1693047255355,18.8288629820077,18.7283761983842,18.6543753847379,13.4078963320175,19.3686234001289,16.629931593566,16.7186696164058,14.4570054928036,19.4387039323883,23.9733292366933,25.356097970057,18.7503380721876,24.190360817271,22.0111368128407,19.7520798865329,18.7760781257683,18.3428043958456,26.3190113282183,15.7559380267432,18.2888119530541,22.9585782726115,24.6231081797999,21.544156143114,20.2103196046215,17.7505087652991,12.0962919941119,25.0318588252802,15.5349981206259,23.2643623622918,20.4909558440787,24.9488378491493,19.1806666641511,15.2429862717969,13.7700288098621,28.2587000307146,18.4560832358539,24.9807836154359,13.9158552363055,18.0607616628176,18.0784766400695,24.1260971187021,21.5595208246842,16.7182576388222,18.8222170087132,19.2545944463889,15.3461386716285,15.7926723505958,12.7889574954372,15.4697077913662,21.0405692087884,15.3689217205964,19.5275407661306,17.4705800464716,17.322091110688,24.9432060374454,13.6261895310713,26.4693316976813,19.2828912759958,18.3379172138416,16.5580808443867,17.8681036516606,13.2991172159058,21.9866940983957,21.0544458943503,20.4813495444689,22.2669444692436,15.5418939477384,17.3813551422523
"HS64.3",21.6828247841212,16.0681787075447,19.0856000371337,18.6112021974169,18.2536478245036,13.4152816935409,19.4806122682999,15.6936888190285,16.4281153683304,14.5616887608343,19.6403797168075,24.2572825821691,25.5901405229489,18.0242688471131,24.1448880643492,21.1046071755049,19.0327188891055,17.3736768395218,18.5868076112363,26.2701510060017,16.097064096816,16.7331988400385,22.1088058295867,23.0367410739488,21.1291350880687,19.5496256457458,16.85997801587,12.2986552000709,23.5688559280141,16.0461713435037,23.196865652621,19.6498061859013,23.3901117038564,19.3171683856292,13.9719334990528,13.3727365210187,28.0011101735433,17.2120582613219,24.8342024679257,13.1153096311324,17.8833753100752,17.7364316237762,23.1627715151399,20.6485059625489,16.7094372583699,18.8432981818578,19.3830257697625,14.2520475192087,16.3472847980913,13.9391796909227,15.0100869387159,20.7338670822415,16.1905113139672,18.3023213529612,18.1466716456179,17.1401122392323,24.0285458728054,12.8564202855516,26.5569947764203,19.0802344413467,18.854203479148,17.6541803326139,17.4316877169031,13.9597404894969,20.3390466434713,21.2526409605224,19.9250142305262,21.3293576606674,15.5751566803294,16.4075963787999
