"id","X1.methylhistamine","X2..deoxyadenosine","X2.Arachidonyl.glycerol","X2.Methylbutyrylcarnitine","X3.deaazadenosine","X3.hydroxykynurenine..3.HK.","X3.indolepropionic.acid..3.IPA.","X5.Aminolevulinic.Acid","Acetoacetic.Acid","Acetylcarnitine","Acetylcholine","Adenosine","Asymmetric.dimethylarginine..ADMA.","Alanine","Anserine","Arginine","Asparagine","Aspartate","beta.Alanine","Betaine","C4.butyrl.carnitine","Cyclic.adenosine.monophosphate..cAMP.","Carnitine","Choline","Citrulline","Colchicine","Creatine","Cystamine","Cysteamine","Cytidine","Cytosine","gamma.Aminobutyric.acid..GABA.","Glutamate","Glutamine_spec","Glycine","Histamine","Histidine","HomocysteineN","Isoleucine","Isovalerylcarnitine","Kynurenic.acid","Leucine","L.Homoserine","NG.monomethyl.L.arginine..L.NMMA.","Lysine","Methionine","Methionine.sulfone..MetSul.","N.acetylglutamine","Ornithine","Phenylalanine","Phosphocholine","Phosphoethanolamine","Proline","Propyl.l.carnitinne","Purine","Pyridoxine","Riboflavin","Serine","Serotonin","Spermine","Taurine","Thiamine","Threonine","Thyroxine","Trimethylamine..TMA.","Trimethylamine.N.oxide..TMNO.","trans.HYP","Tryptophan","Tyrosine","Uridine","Valine","a.keto.b.methylvaleric.acid"
"C59.1",23.5781039701978,11.2202953509701,11.3151802157722,17.9222016611632,13.9544231017373,14.8262225568133,14.5766306469198,13.401469289007,17.3803519676211,28.7220078660029,19.3508336577666,29.0367534890088,20.9136196405949,24.5964095385507,18.8124598342816,22.0303843985184,17.8640638640106,19.9972879563752,18.5067279704102,28.8162940077367,24.9520187249022,14.9647844855955,27.5973442483105,21.2676691356821,17.3337360513986,13.7536490272696,22.8461257789694,17.8050612758187,12.5859893890412,21.3571055946388,21.2329035055928,16.448034479455,24.5473839766426,19.2175502768508,18.1030648421255,20.0482908543851,26.1053945579257,20.3848066853962,19.9683531735788,20.0150654760948,20.0966209867158,18.8919207988788,20.9097125701617,18.0566662711487,25.5985364564475,18.3310139903009,21.0373184968738,22.6279446097048,22.9709824214749,23.6421363219886,18.9465107957307,17.6629860381036,23.1479487577697,14.5298995511087,14.3244460756773,19.086165205582,21.3155569814748,18.6558455999982,19.8147750690235,21.1950408975262,26.7156419468162,18.0019379908765,21.3475910748794,13.7884898657784,23.5676601218179,20.8448015570264,22.0800097520107,22.9623158306787,21.1328872304651,20.2035035700666,23.1704036127104,16.2504419815181
"C59.2",23.7237317335277,10.6923739159384,11.9467425642544,19.0242162337016,14.5586148232373,13.7584487515594,13.9080897021798,13.9713596441342,17.3517208019264,27.4529586232484,19.008462057827,29.076234729313,21.6159079108645,23.9520582789993,19.5771175655953,21.7920177061502,18.4918946671572,19.5513991181041,19.0126399927469,29.0264723832168,24.6615363829521,15.3881916849068,27.3719601020928,21.9099582019035,18.1260027250904,14.1329677099418,21.9527511449336,17.1965125615304,13.097170260444,21.5193442910199,21.3705889578965,16.824676815322,23.8182983218045,19.0146922343997,18.1616491883579,20.7907985852724,25.974440423581,20.7340484054066,21.0125405330153,21.3060100842254,19.5185818917462,19.6588329028297,21.1743431839163,18.5134214731797,25.533163894785,19.214565013133,21.7058124175676,23.1323859713001,23.0553790260637,24.3709595194465,19.8395176373367,16.9976233232181,24.1548151258837,14.5514534832572,15.3742332142041,19.3881732714321,22.1934950844322,18.3966412837495,18.4628607700737,21.775855057361,26.782231610197,18.4685937611665,21.6918574563931,13.77624684367,23.8249878104383,19.8017671557053,21.4782867619773,23.4970526312373,21.8007947173186,20.8096700320434,24.0762465502657,16.4646478146828
"C61.1",23.6268299067284,9.77559313606592,12.1596453802202,18.5381008250566,14.5192907058934,13.9937122616134,15.6039228781011,14.1922431908158,17.2712050144593,28.9337564981342,19.4870641441862,28.6041034116246,20.8412227895409,24.6192078488789,19.2824096288641,22.032335825994,18.3920348200783,19.6572404336534,18.7955346973022,29.915747037481,25.6964285427757,15.6191064606821,27.5561618636108,19.9605384769285,18.0551432136656,14.184895816996,23.3511739772287,16.4952636633753,12.9179627998334,21.9219000532399,21.6226756690951,15.9255827105993,24.3470655284798,19.4140013658166,17.9090989144751,20.0764716947579,26.1290138043562,20.4549861295776,20.4003400598413,20.852917720599,20.4721293957214,19.4419436959149,21.6728384999157,18.1615739598464,26.0189864643765,18.5367819391112,20.9549042060363,22.7392483557224,22.4475173504017,23.8185377314641,17.7114915268133,17.3249004660948,23.6905579905999,14.1912489891563,15.0241708917096,19.6341114360347,20.9894337931629,18.8483442206919,20.5637199900463,20.9241550260425,26.024380695893,17.9121251013348,22.1008112553907,13.8033868400231,22.8138639979418,21.3360774614721,22.5763052766313,22.8834799842563,21.2384815736877,20.0270924679501,23.3226860478971,16.3018261039458
"C61.2",23.6362532081952,10.4858957629935,12.1851547101528,18.2892674075936,14.2809095545673,12.9556792652515,12.7809891524573,13.6638346567187,16.8175554915623,28.3712316095505,19.349368689631,28.8220822416245,21.081632791808,24.0844170419306,18.8558411221823,22.0036006270097,17.7403650205214,18.0335561115682,18.5766629328421,29.4352345962474,25.4498315542937,15.4136826173845,27.3982612284049,20.4906133949024,17.4190285045485,13.4645493933344,21.8592079046428,16.7596476725302,12.7476078320568,21.0199667306295,21.1723780973154,14.285903264758,23.716701349997,18.5075928813814,17.9631756866983,19.260360280663,25.5775663926513,19.8015232794692,20.3203065304835,20.373285086649,19.9258263610386,18.9537144465736,20.8886952971999,18.5737537919289,25.0067912175921,17.9809757081362,20.9542434917648,22.6527036129985,22.9618635590292,23.5435844835489,20.678274375878,17.0137968541312,23.2737972428412,14.3694669142112,14.4351964394611,19.1784260890814,21.2723887573867,18.3653304352962,17.0884949316613,21.1384442044951,25.7648995000792,18.3053830004483,21.3214125170514,13.7183009793611,23.1947001103746,20.3269217325687,21.4916282510336,22.319167916673,21.0088685919917,19.0887505360508,23.4118026994499,16.5079751160174
"C61.3",23.6943288355922,11.1064074898874,13.6620487654707,18.6305420749753,13.7801365407606,13.076652559616,14.4469116769374,15.9703977029173,17.2788091282678,28.6434269568831,19.1445803325594,28.4712976008793,21.1274065803854,24.5613885519704,19.7329998539721,22.4404856363337,18.2255597631338,18.1456417595111,19.2042865420923,29.6127032846738,25.4432504531341,15.8278640784162,27.3733522420229,20.2222316765551,18.7725956259416,12.7927359187188,21.756159185785,16.4600666740765,12.6649942446028,21.4272727553296,21.3639681190865,15.9903672213573,24.3146789618498,19.2207650671407,17.9502640144309,19.1280269343214,26.2037232060926,15.2792167376595,20.0796343009518,21.0096673163651,18.344653459064,19.2649545994778,21.3037869216132,19.1031602831032,25.7197619395492,18.3455720009439,21.2128968298583,22.4831744852575,22.4940816901747,23.7480263337011,20.6317882877571,16.9755701158157,24.2697886781823,14.1447487079572,14.4707352437708,20.536063353311,21.0389792171715,19.3364820732264,17.5827942947374,21.3129562861018,25.9710842878048,17.9180793242706,21.8812863307698,13.9882457090014,23.3232122723548,21.034685588991,21.1290210470389,22.1837801791144,21.3696109982535,19.2110650103018,22.8940704922706,16.8318842665743
"C62.1",23.5379973073534,9.98615819437061,12.0554927683295,18.3553315822806,15.2924139131868,13.9577247403584,14.3264686189051,14.1122816144534,17.1709357506894,28.6413930126146,19.372776915531,28.7954354319975,21.337049667421,24.119332430973,19.5382243752084,22.4182863711701,18.2541362405342,19.4290354966866,19.1113846971175,29.6459006692542,25.6110901160514,15.3490077448385,27.4875943595062,20.7171482016563,18.4605381441252,13.4878425719173,22.3888854642163,16.7961616174034,12.5094569688051,21.7241289617681,21.4561609384338,15.7881681281546,24.5638899862095,18.8122375462639,17.8676179843079,19.3320021625237,26.2280060807502,20.4552532707624,20.9974312026083,20.798551807875,19.2776620502029,19.5769356030433,21.7882248247591,18.6212632464596,25.1727335851983,18.5059243704959,21.2038315477442,23.2532398956481,23.2493316719339,23.9890214379388,19.2647229971609,16.9677515539387,23.8073998129193,14.4086014502767,14.9932549122998,19.4678821141307,21.4699977518879,19.2952056624004,18.5619915672067,21.484729704138,26.6771464695553,17.8095465783402,22.1428502069276,13.8097470777495,23.1172532991889,20.151128362934,21.7732047002683,23.1743859664242,21.2716666554374,19.3281555161695,24.1898248124468,16.5634514463401
"C62.2",23.5991893140932,10.8196403169657,11.9999248550833,17.7543842666579,14.944592419507,15.2213812938293,17.3440450957487,14.0435339280093,16.9060398868962,27.5130788943123,19.4537560435372,28.8583801082937,21.6043917999085,24.6361462448001,19.577664485988,22.4461526803352,18.6719686632706,21.1621117660553,19.5482943979882,29.6432070113867,24.31771497024,15.501947772163,27.6562533528451,22.1815748430647,18.5587410075241,13.6514755919486,22.5736393825185,16.5840745592268,16.0590253549893,22.3708281190601,22.1874849225775,17.0218773519073,25.7063359585339,19.5242204257409,18.3624927142506,19.7950565227398,26.8098486372872,20.5352944453242,21.5172651217163,20.0341721355981,18.5783639587416,20.2496008621623,22.3777375536852,18.7110959416584,25.9550895810447,19.3459015118944,21.4670306414842,23.132372289725,23.2160447681803,24.3687719006637,18.7431275357722,17.1838604981139,24.196195451106,14.1739435315938,14.9410317456047,19.5780896172517,21.5629191547646,20.1254903097208,18.8380450230913,21.9353102353632,25.6463426069749,17.0086181259599,22.7745445108143,13.2105845277856,24.2312372364461,21.4781794335561,21.9560403813096,23.4061771035411,21.6456770833341,20.2062353066324,24.329576597432,17.1908330109844
"C62.3",23.6375734588004,10.2675781571475,12.9722653059562,18.7006495647535,14.727766392502,14.7565193874651,14.5499487135629,14.0712518687623,17.6248337592134,28.7670665615506,19.3810776444664,28.7729993197918,21.2459429696415,24.9548536295258,19.3492042215697,22.3898673423586,18.7144239260605,19.2288552214044,19.4155672593731,29.7925676162402,25.2873431286034,15.2316468192442,27.5980026715428,20.5192535150848,17.8302870470328,14.5449778994682,23.3097494617681,16.7824603518798,14.4984001104843,21.268812244432,21.3825819753215,16.3733417901009,24.7212809646799,19.4894245729657,18.1785543823977,20.4641305973834,26.2547880581376,20.6744064803682,20.936845666787,20.9060115579818,20.0610903657455,19.8399791561839,21.8338687330202,18.374796034867,25.8506270619538,18.5427137183406,21.5088473994288,22.8495276761138,22.823423345771,24.0682507369011,18.7136933247567,17.3565038213443,24.1062033450733,13.9211782324481,15.3077394627475,19.3925504922384,21.5484860184495,18.9184198844936,20.1084619787527,21.4761291978048,25.1170850783151,17.9319073391591,22.1890353396382,13.2027237781328,23.1789854190871,20.0620957523104,22.5980469206963,23.1246955541967,21.6900762975562,20.6437200275404,23.9146331740841,16.2542470121887
"HF58.1",23.677235030798,11.0298022007892,12.1122993857283,18.087835262153,14.1585828747454,14.5355137511637,14.5829225595363,13.9168357435154,16.2391382390345,28.1205224302094,18.5983000251312,28.4584193381107,20.5496283808099,23.7209015272395,18.7990253280785,22.1028144892192,18.2060526056121,19.5719285135722,18.3486608983348,28.8922669612386,24.7570346746839,15.2250433785473,27.0826115670853,21.2249564531499,17.0232704865067,13.01984112151,23.5187261554761,17.8865573282387,12.3614035787721,21.2418846076189,21.0311002348399,16.5125285903095,24.7589669573371,19.1834387190972,17.6235850557535,20.2294578820391,25.7563389816724,20.7114308489812,20.0932690299241,20.357787602579,20.3996783871627,19.237894667643,21.0345143626997,17.8145382468165,25.5774296255462,18.7099471149177,21.0350832714357,22.9737077452994,22.7514380052683,23.7099555663549,17.2314058632557,17.55156992434,23.2952179471208,13.6072033099628,15.1021574341324,19.4590053576118,21.8416931168812,18.3530331744646,20.9897438418319,20.8509750394634,26.7149667424564,19.2882963588147,21.4160888001592,13.1015593353887,23.5396958144501,20.8673862390028,22.8600883805912,23.2105693761064,21.1621806730349,20.5015386688775,23.5977695302892,15.2636743925015
"HF58.2",23.4229993181572,11.2843055409913,11.4435217950675,19.0691810000717,14.3936916681641,14.193483575404,14.2588723011321,15.0015192397871,16.5742375907601,28.4583480132947,18.7207675769748,28.7111014278146,21.0565500188056,24.1733673235086,18.5074237970471,22.4119244635764,18.3745447165625,19.868459459006,18.5699297554612,29.9815187867202,25.5021130032129,16.9385112291,27.3721200370387,20.4280039041775,17.1288983421636,12.655532486444,23.3212182692665,16.8325464038879,13.1574382836488,21.4117122588499,21.3199923707354,16.015364399649,25.3658400991832,19.008234701529,18.001192214431,20.3549007593532,25.7819273977962,18.2826288584112,20.7361488011105,21.4218332466676,19.7699331770065,19.4956477936223,21.0923515822805,18.1603885048049,25.6302173151599,18.571467442617,21.0902943951551,22.9785370227671,23.3784181983781,23.9117046968519,18.535245895262,17.1138959817563,23.8520091654772,13.7946492848468,15.375281130708,20.0481928560103,21.3660303462114,18.6996489255761,20.6199414704365,21.1797966511413,26.689743225577,19.1652731835038,21.5096218823668,12.9049662441507,23.1394413203621,19.8235401378265,22.6629553119976,23.0001905253081,21.2473404604327,20.383010979293,23.9137760911897,16.1823694362107
"HF65.1",23.6548624737454,11.1952014856911,10.9276855141945,18.4794867408953,13.8916752967613,13.8317043488959,15.4100565835845,13.2776742795013,16.8070704051517,28.2341696694542,18.3311624963896,28.1184802551906,20.5040221877064,24.3737577415668,17.9221427583514,22.6404155930076,17.8557314226102,19.4739783950546,18.3383227487398,29.4209872406351,25.1552470826482,14.8156808714874,27.0932410988579,19.721819540813,17.4038430642096,13.0625627867649,23.6575338848014,17.3682821013865,12.4786825795415,21.0767014683296,20.9665552390733,14.677353870155,24.4539774086637,19.3230897948908,17.4715357458371,18.5366207090946,25.6068469497941,19.6658107482979,20.2249996797569,20.7375137950183,18.6294609336785,18.9598313009326,21.0305690916383,18.1048980908145,25.7684078678415,17.7618411897801,20.5349510561574,22.2009826806038,22.6271931713482,23.3489268145926,17.190338263767,17.2734442365748,23.2962912290748,12.861236901667,14.4921128251468,19.2642774455575,20.7568741251437,18.306292702988,20.3408254317816,20.6842181498081,25.8414881189705,18.6920126619781,21.4161621048167,12.5007051778712,22.7742797529437,21.0599283999334,23.0636633302675,22.4067513251389,20.6823302389547,19.6536772013362,23.4865169084463,16.1269831770625
"HF65.2",23.5164899447091,11.0240265524097,11.105590311278,18.6439984796152,14.0522885953359,14.7114001393276,15.4653717527362,13.7490734099751,17.0018199290268,28.4812202053244,18.9439739655773,28.3836203400742,20.7901217366155,24.4989277871972,18.4143019581981,23.1206294006536,18.3411298246258,20.6036813437887,18.8181397719816,29.5579308454078,25.3897356203043,15.0099762577945,27.3525382004131,21.3411236218706,17.6475570014196,12.7824225363261,23.4054455930648,17.1803125958472,12.6106876731298,20.9898127133423,20.9403239156986,15.4573681209234,24.9639685864885,19.9093946314333,17.7423348894012,19.9967434060319,26.0410708931895,19.9042157821918,20.8202836452034,20.909838715576,17.9577593933275,19.3651503436763,21.2737304539696,18.4933996071205,26.3894621252445,18.7252358674272,21.157879474027,23.1014851377123,22.8970752185084,23.9248486860286,18.2605874678219,17.365613466441,23.8687945068523,15.1853637074191,14.6317499344993,19.3252084604723,21.4316006297836,18.4331668583046,20.8957130858224,20.8982976562116,26.5800414285483,19.6758693207405,21.691342079945,12.8260263042632,23.5621014916886,21.4921509525422,22.6156917296459,22.8977242446718,21.2651279540549,20.2347200411395,23.6322734515351,17.0702022854577
"HF65.3",23.5504868814368,11.2514566326675,10.736550981689,19.0905435929222,13.2542552845255,15.1861526411451,14.9622207862231,13.6442179367158,17.1384678070638,28.324353061801,18.8528723287738,28.5923437245853,20.707162104331,24.5733411237801,18.6331247680812,22.0767314564578,18.2480484422436,18.7357011496915,18.5617445126245,29.8464646321083,25.5219433195641,14.893524953231,27.4898395583089,20.8401980727202,17.2050839251303,14.4447909838898,23.1462267511748,17.4074971186307,11.8912169001317,20.5369446846846,20.4034292589846,16.0375421233269,24.9115602654065,19.4832352576181,17.6307469240743,20.2549686778773,26.1233662453215,20.3595230196238,20.9869159892365,21.3297369990611,19.0476979129152,19.3914349058454,21.2374194048696,18.0336589158642,26.0877179049539,18.3492948280462,21.0007180635026,22.8088860747042,22.7474505816211,23.8453503889663,18.0050246930758,17.0266282057253,23.5848423059757,13.8189431284593,14.8801768523678,19.5034126986555,20.7016328584984,18.3659950889145,19.8756774015296,20.8797098862376,26.7795667981982,19.6237331137219,21.6526087987273,12.7282206477303,23.3081201871998,19.3515116296059,22.3751704239188,23.1134927138053,21.2135035171303,20.4730995302203,23.8614247539141,16.4475713918169
"HF67.1",23.5349972645994,10.9097804091792,11.4269565279322,19.0196091547225,13.8797719685208,13.7261879737944,13.7682405661473,13.1479290381373,17.4198026663594,28.3176650287729,18.2989266995931,28.4677685928578,20.1272049724404,23.9063260209313,17.9790736443415,22.6355568433675,17.9937786663841,19.5524606041034,18.2873084873012,29.4258458833686,25.3265314572087,15.6439143073489,27.2262854735811,20.2382545236709,17.535888131465,12.1462528249429,23.2807827621771,17.026828076849,13.1718353845954,21.1050661836846,20.8159887057056,16.0710223330881,23.9075845847263,18.8336867403893,17.1412782093478,19.6177585194722,25.2140114525787,20.3335389528317,20.3244416323472,21.2446402657614,19.1078588072651,18.9703487785697,20.5898278917728,17.4276696585818,25.231182117045,18.1180559551619,20.6044592786283,22.385934432971,22.5984944694583,23.3683137640738,17.5869658808439,17.0661290896065,23.4650959213426,13.3774754591299,15.1042321460692,19.4126453843082,20.4962484649558,18.0692589751555,19.7566726340417,20.3035204098835,26.1713128524234,18.6673565153448,21.0539560053568,12.8397115739408,22.9147766667271,21.1543404138119,22.6265446538337,22.3682539965074,20.6167213427825,20.0062566678849,23.4486758621562,16.0874889300976
"HF67.2",23.5703556428592,11.2821922612466,11.3186161252115,19.1359218032497,13.9138995344718,14.5352631112683,14.438641829728,13.5736426841047,17.2885652622052,28.5177204039276,19.0762714729707,28.5693072273993,20.2316277192698,24.386231353556,18.4022588994511,22.5303395276103,18.1828413292692,19.0252209714165,18.7630236952881,29.6206989202362,25.5890539359542,15.4762790683446,27.5450926710251,19.6321898478957,17.6828856351564,13.2100386292991,23.7266003264396,17.5079364854267,13.0438095452384,20.8002740048137,20.7891355060915,15.9043536837943,24.4737118936921,19.1696914620389,17.4551599987988,20.0697533208542,26.0223216962835,20.6078024618553,20.482939472246,21.3535450385695,19.7402489904068,19.1438789994889,21.1333817795856,17.5840854085254,25.6681461866071,18.2411945253398,21.0797080592356,22.6444837545167,22.9373518258942,23.6784920245,17.447455773801,17.7798361078211,23.3516151207834,13.9629125489467,14.6608801329187,19.4863242864213,21.6561507819515,18.5814794889039,20.7362936908695,20.4954900825605,25.9248251856338,18.9098048824887,21.5498010854496,12.8097992613485,22.9944151885272,21.0323025216886,22.9123511174378,22.6402396369487,21.1527437374025,20.1932726712066,23.710857034333,16.2139758540873
"HF67.3",23.5285430935541,10.3012756270722,10.9411496077981,18.9610653647455,14.3977666186682,14.1404495712565,13.8850882090845,13.2503640365346,17.4732954273281,29.058856284724,18.9796536843128,28.489609924581,20.4356553844635,24.3791864172798,18.3013460390301,22.5806417465608,17.7912032553722,19.8961510577438,18.7536093568932,29.6727096290358,25.7762719693637,15.1809032521936,27.734447908334,20.2148821826162,17.4875814940841,14.1601033933442,23.0065741685124,17.4715350150361,12.775065379845,21.375705915477,21.0382862691764,15.9499633012292,24.7535481884418,18.6975285101771,17.5499426918847,19.9589512607565,25.6692058131794,19.8747268301401,20.5608700461872,21.2763464967791,19.251306837533,19.1665222271312,21.060508437354,17.7564242526698,25.3155222643068,18.0848448464263,20.9207824569962,22.7036289965194,22.9272795727714,23.664612738861,17.997617857273,17.2220410367377,23.4204829738247,14.1246545175662,15.1932847145183,19.2230809365335,21.3036704002007,18.3897612234258,19.4580988198986,20.6631021140339,25.4600801952907,18.9447587062148,21.5006187597141,13.1531689556395,23.1538839987719,21.1063604680742,22.3164333435952,22.7498493761601,20.9085742491046,19.93792511516,23.6736847843544,16.3990561401232
"HFHS56.1",23.5984075093162,11.1653014733854,11.1750275657974,19.1332942480513,14.5721909005163,14.4608301738816,13.6050815227749,13.8461456236981,16.9472274037754,28.3214427306704,18.5637028471347,28.6744219992303,20.7600699326857,24.4343463147402,18.5931576785301,23.7769536277268,18.3206906347847,18.568925074752,18.3212520192447,29.6544129910447,25.6435710313351,15.7386778762165,27.4243508699312,20.8168770671568,17.5897125432769,12.689098783117,23.3851638482627,17.4130329801865,12.7540610233755,21.324348105435,20.9375079696968,16.257505037479,24.5911014833052,19.1468859343163,17.4120662204091,19.9332664908153,26.2076320050879,20.4990633032037,21.093338355783,21.5261269179148,19.6437589150162,19.7321159165249,21.3045818685913,19.3236123018405,25.5712180851707,18.6192234521381,21.2855044179049,23.0360940505857,23.4450415342288,24.103817790855,18.455057420249,17.2544728436943,23.7407504116876,14.7905986498354,15.2651419020782,19.4195359764303,21.0511666669284,18.3568890418578,20.6795049172986,20.913224473272,26.5271619203496,18.0433609122747,21.673695671616,13.0039065373593,23.2045783830518,20.2065733413554,22.8189183958873,23.1374903872067,21.3805060368191,20.1039097916252,24.1909534259384,16.1414309785835
"HFHS56.2",23.4919427769244,10.9437688477077,10.4059236189861,19.3977858029081,14.651180800679,14.3017212251903,13.0591941675242,13.3828465975144,17.3616406254947,27.7842446974696,18.2516984147353,28.5336671661119,20.8717446553038,24.0105531240892,17.9770457738141,23.7108853078398,18.5179840208521,18.8608293195252,18.5333894225505,29.4935652031918,24.974500361708,15.2696190110327,27.3225305959276,21.3217789408972,17.5113744190287,12.1794657198335,23.4794458695408,16.973714022545,13.2483880966624,21.3046971636916,21.2516340730269,16.3006490873228,24.1223674256668,18.7665190600837,17.4163469753764,20.3233318431253,26.2570637931936,20.2280609700794,21.2914998641158,21.8644572718378,19.9284958945275,19.8231795150755,21.145586570795,19.5114102759397,25.295633787781,18.8711838474868,21.4591088458972,22.8759656366433,23.3715802212067,24.2136903714161,17.1671012997081,17.6388377430288,24.008389104535,14.6775987338529,15.4257419803376,19.5350590844587,20.3826028161072,18.4438980534125,21.1624602959363,21.089422061537,26.483106392353,18.7216912363985,21.6419236332884,12.7712293482615,23.6755288472231,20.3550242332293,22.7811631481923,23.2424051438988,21.5412760454614,20.6138993330984,24.2558263674083,16.9660338064476
"HFHS57.1",23.5066710180641,10.9016574622084,10.4994806506815,18.8163139215804,13.7591775272174,13.7703839532137,16.7921734852498,13.7351557195037,17.3841479419003,28.7606677523942,18.8604134073157,28.5870077777427,20.410190864029,24.558852736354,18.3817448340999,23.0823940055343,18.1991325257902,19.2891050207309,18.2655690487112,29.7175745410013,25.0893973965485,15.2911150972672,27.5073023878502,21.0189131623949,17.7200743774648,12.2944058170651,23.5431466645289,17.1156234229407,12.6358931898914,20.8752036554026,20.6280980503298,16.1952232725384,24.3487797320768,19.0547513045891,17.3295485746285,19.9218702547827,26.0800057501123,19.8520854901618,20.5633425239354,21.1177195215781,21.6098532787029,19.2074840080644,21.3492005138701,19.2883782244956,25.5658228571695,18.3991346621984,21.0876624826148,22.5580996531553,23.4372461901767,23.6499817240027,17.3155656393099,17.41586104293,23.683895195794,13.9325898303696,14.3707642339651,19.4435126137861,20.2153634235294,18.5296475163071,20.6353176148198,20.7370971902904,26.3016363208888,17.3653153926376,21.6734886252192,12.7307549842403,23.1883402105981,20.9099676341156,22.8139520779597,22.6193045382491,21.1812086020779,20.1275189873075,23.7597069792683,15.7941876738121
"HFHS57.3",23.5869935947461,10.2210565577022,10.7797915615498,19.0411388622927,14.402438573507,13.5785367483863,14.5860170801871,14.0030288982757,17.3443911850062,28.6791579582291,18.2829116741024,28.5969589551216,20.6851549644596,24.1871358845921,18.8539115238344,23.3071992647006,18.3536694008892,19.3718781679976,18.1868275700948,29.7171081932415,25.5767450557415,15.7961857085548,27.5323779705509,20.9714679765395,17.3169212404967,11.7560171389458,23.3015986052747,17.3946806321799,11.585016725618,21.2756646228036,21.1773981106966,15.4633575637644,24.87987567127,19.6097440490646,17.2938871424227,19.5652186759813,26.17270780184,20.3079473923183,20.9049484251127,21.2236483252982,19.0285761974575,19.4713715735685,21.2035028684244,19.540512482374,26.0552400933162,18.5356304515076,21.2078826618732,23.0295129830325,23.029419276897,24.0322853486814,18.563580878825,17.3063210166112,23.7050405115462,14.2247158636628,14.5864344532009,19.553791522226,19.6976956330029,18.3720966973869,20.9334208852458,20.8946168137553,26.7128659774609,18.1811415926047,21.630971300977,12.9348507875057,23.5262031437066,21.2078770965267,22.5201964532788,23.1231629222059,21.2362239824918,19.8217727191996,23.9184897038782,16.6471999752137
"HFHS66.1",23.6530289032047,10.9585000499699,10.5291326333748,13.0702009360749,12.3648230468037,12.9522554162492,11.023648284803,9.81841300783588,13.6669542621637,20.853071492739,12.4241431434215,15.0966544561533,14.556683073079,17.2740609443582,14.3537275185137,19.8704482299946,11.2737897122831,16.4364971839087,18.3703416902032,26.2007910496435,17.042019717669,12.1093173452775,20.8766332374,12.2725951530892,13.3473658904292,9.9070763420554,23.4368084893462,11.6787947389671,11.5378456008831,16.5935415125614,18.434722972761,12.2097513274512,18.8136491569946,11.1709042397261,12.1681689985225,9.40239669116394,20.5798279376426,19.0847735906106,13.0625564430333,13.2156394454053,15.043212064298,15.3733689203767,13.201882633797,11.1645580213261,19.0088979022741,11.0955407631728,12.9648878423346,10.264806472341,19.2708205750978,16.7525602013954,16.7649644794001,17.230344684128,18.6853440125954,13.6710549247049,13.270811031595,13.790020626956,8.35236678422133,17.046175937977,15.7700907414334,15.5894384484205,14.1943544895355,12.7096257686155,14.2889041609976,10.251360867714,15.4393333002408,17.9138707117673,22.5262161953295,16.6501505781098,14.2484561818353,8.22998946427456,16.5079012615874,12.071267052144
"HFHS66.2",23.6857506073371,10.2827614229521,13.104210692487,18.3636650482247,13.9361019070472,12.6564606983826,12.9993681520615,12.8442092414064,15.9588199687475,26.9209567823865,17.0538535872292,27.6782109620541,18.9258582368619,21.9980057601406,16.5458630372947,21.1614441883083,16.5644316862925,16.7185994484648,18.2656091797631,28.5125369342701,24.3593296375735,13.6942586390138,25.6803960002829,19.5979880125539,15.7407435742583,8.85488925547376,21.6916442815939,15.6890071332597,11.8224355840823,19.43727530668,19.891363303283,14.2681174216029,22.7032656663595,17.8001029928364,15.5045093057383,15.9379724518482,23.3249993981726,19.4745248081914,19.0524104848476,20.5699987722184,15.6831936355119,17.1851288187173,18.6460829162271,19.5556473013193,24.3165149213296,16.7675356580903,19.4141638850496,20.221544897811,21.0928250624916,22.6345410527071,21.2983431300738,17.0930344728239,22.5102904729769,14.0304645458663,13.5022213942944,17.7392954438973,19.1508225754844,17.7200709714457,15.7089850954705,19.21715034299,24.3674092108905,17.51931870696,19.1612939906408,13.4046083185977,21.8660687640089,19.5043501467926,21.0685286380924,21.0132759048009,19.5918224474553,15.9686052439363,21.8769729865972,14.6300243871088
"HFHS66.3",23.7189301353867,10.1962572405471,11.4682992166335,18.6348912431713,14.2981560140795,14.2624549478356,14.5843594259618,14.0748482021686,17.3584124492572,28.8388721718481,19.0527265502871,28.6096469173491,20.4678574115453,24.1522726193932,18.3469928231522,22.4197281871976,18.0461908772548,19.5092653750152,18.1322503368965,29.7475224778456,25.6183087693645,15.3435700969267,27.4099361673284,20.5026977047727,17.4522645144982,13.2058942404484,23.0209316853524,17.5215464573996,12.6460807861025,21.4414493903548,21.2979179417832,15.6453673304764,25.2005210941369,18.9594932604014,17.7218826904186,19.2932977333697,25.9747306986552,20.9094596587139,20.8242579729298,20.9064556943983,19.1438719356218,19.2846980567599,21.2785542170819,18.8792774989344,25.5689104954397,18.2023065746064,20.8977646777599,22.114438814654,23.1073264256422,23.5897162078754,18.1346503178291,17.4288232569466,23.4339231828715,14.0063436643114,14.9770885571605,19.8495225069184,20.5336849104585,18.4416965605095,19.3111577978378,20.6128370545597,26.2402200970843,18.0649762429558,21.7030156129527,13.2739773244997,23.0159735229582,20.0892836208658,22.3302934120595,22.9443277051532,21.036029200536,19.6307940589489,23.995796502207,16.2769899373272
"HS60.1",23.5479379819792,11.2745710233885,11.9941657122047,19.0025531621127,13.9823537746631,14.2710160816941,13.9203053541013,13.8813482919296,17.0388117509905,27.7917704868775,19.1835661411198,28.5598873136197,21.3152634153145,24.0514110025914,19.1915199214648,22.3199251560198,18.2547363062117,19.3740448170287,18.9964668573584,29.3400271834454,25.2322634546199,15.0565695771378,27.3358601388736,21.7343882867486,17.5997447445028,14.1155346196659,23.121503993294,17.5250118929251,11.9106887679505,21.2833871014232,21.1242994018053,16.1357816056389,24.248702583747,18.8424141964868,17.5547817058456,20.2690787973263,25.9709814386064,20.0361070582318,20.9537099907574,21.3537816040683,19.2723573723797,19.5937863033722,21.2612883979472,18.3076748248764,25.3442437723249,18.7400719978542,21.202189398269,23.369374858358,22.9774695869871,24.0377217014004,18.4771727739569,17.2422139360228,23.8666557562967,13.9205778406095,14.9227533755568,19.8225300276312,21.6008456205677,18.5261324841252,20.2241684607243,21.601070902195,26.8222294040415,19.3820255163035,21.7074841776347,13.2893014421754,23.7847306812232,19.8905079856459,22.4404136251819,23.1870602968452,21.2728071166123,20.5918692380311,24.1276295442515,16.7890333137147
"HS60.2",23.5207578173723,10.7715931444395,10.5199202295019,19.0343516238954,14.0726680466587,14.2787540210551,15.628284205482,13.8703486494233,16.3202920854193,28.4516139735689,18.779008078474,28.6364356662262,21.3629185736964,23.7506179687368,19.1868723430094,23.0118453962732,18.2347274819845,19.288886917695,18.473474331551,29.2082238473412,24.9419219268361,15.0719961335779,27.2687470113577,21.6175065620621,18.2319970654695,13.0146945724683,23.0142248380688,17.1109590647731,11.9187482405767,21.419220351963,21.20825111721,16.8423344418792,24.2110460982659,19.0861757630266,17.7541786639696,20.1252467169236,26.1176150230625,20.4943638645324,20.9114389576719,21.3631979456082,19.8950252818683,19.5220426765422,21.0538325671205,18.3514981667379,25.5996759614615,18.7591528080107,21.1517754327632,23.5426536614565,23.0072546439622,23.9438750119313,18.2360935270147,17.3047367095548,23.6206489180125,14.8191772048961,14.8633187065943,19.4734001467953,21.8149698329258,18.6478847580216,20.4926879338676,21.5885905302372,26.6964824179515,19.3532327263433,21.5940698097343,13.4375506291957,23.6738417453528,20.5006884864602,22.3174542787454,23.0841058618061,21.3146698454619,20.6301689452098,24.0211309856453,17.0206379381381
"HS63.1",23.503668120841,11.1767257960788,11.8072562743176,18.0712573500238,14.8668414664665,13.9376675347023,13.5515803372741,13.6131878327608,17.2827007618646,28.2783748382686,19.2260458798793,28.849598730939,21.7142943591112,24.4288033442434,19.8855812811484,21.7333364670339,18.3609911951589,19.3457276587205,18.99550403971,29.2592865098835,24.9190360750299,15.1301237603044,27.4132294275646,21.4494261967398,18.3223317392042,13.7158489770503,22.8851701858271,17.0040555437945,12.1252245151871,21.5252950396455,21.4413618595356,16.4769479416002,24.4572629984941,19.2515137372441,18.3956016899371,19.8362650793743,26.7137432921617,20.2395480375029,21.1836745800396,20.3776690090401,19.9744132842295,20.0290342970681,21.5290683779956,18.3461542208114,25.7570627844569,18.9343865820628,21.7009484570683,22.9875247205088,23.3637284962732,24.2204403498051,18.3837706023704,17.0669340610996,24.1650562738568,14.0399588672115,15.2533303923743,19.1828076494547,21.5879742220548,18.9667190919874,19.646172928854,21.8943701854334,26.9674808956392,19.2725942664629,21.9750796336657,13.5260157025899,23.5552090502567,20.5546561939524,22.1791515026688,23.6101481835819,21.8385776984506,20.0970495155132,24.1788971549211,17.1624823014552
"HS63.2",23.4612776290597,10.8994343400444,10.7242194825986,18.525426153903,14.2343588153984,14.4267229870017,13.9684763637073,13.9661908274784,17.1732521272589,28.2467756768149,17.6587048341478,28.4570939241418,20.5429473377477,24.0775645324475,18.2028945264139,22.7365427324072,18.2311041333239,19.6215906851116,17.9871145025425,29.2351474416651,25.2355817610462,15.4021745944107,27.3167881098138,21.2921623019021,16.748524202264,11.6136599975489,23.3715886053503,17.1442928890056,10.739809829376,21.3584604312937,21.1850168189111,16.3879516054511,24.7707547985799,19.5431169938397,17.2580699490773,19.8966258131338,25.9629346012141,20.3565571339152,20.9708218406241,20.7580046996518,18.7542538869353,19.5521358903109,21.154745874857,18.0187794691817,25.9922916025634,18.5353225059331,21.0017078938957,22.8168495580596,22.8720426576306,23.8293881797195,18.1655668410042,17.2169503587907,23.7286685691326,12.3957328576645,15.0845635143066,19.4826919598231,19.1223995875127,18.1633907133801,20.7462016670148,20.6309288406954,26.4118439030065,17.9513184798621,21.5440886904241,11.8673037490194,23.1667383757242,20.6377940454094,22.8118851119546,23.0716249127955,21.0762696000824,20.2674708404994,23.9501071653164,16.3578735075409
"HS63.3",23.7597551877515,10.2683883819975,11.3247462883463,18.9561125841321,15.5442678778253,13.2809684861584,13.7472140140986,16.0598915608601,17.9386388778592,28.2362089113061,19.3378587905234,29.0024500966521,22.1758326590777,24.1723312875903,19.3628844457491,21.5532472959294,18.7312769889072,19.5604235710244,19.4340376177429,29.9770522385441,24.9919621072761,17.3808636851022,27.9071213405041,20.7085186231498,18.0662998838567,13.3342851325857,23.473865634033,17.1074786861921,14.3392007465135,22.3434485763476,22.2398194198132,15.5707178121252,25.7136945175395,18.7185258116761,18.6845096937694,20.7366178314519,26.2650169575046,20.8058161371234,21.1738337690621,21.0821158023662,20.7594790910396,19.8210330480329,21.4985152116401,19.0272586978705,25.211722124419,18.928551053139,21.9228232150793,22.9952963085476,24.1837549896909,24.2817206141072,15.0422508917429,17.4960832292892,24.7905161231942,14.439107542038,15.1807079163213,20.7270784211407,21.8091496327699,18.7539130449716,20.8042666141599,22.3264249523271,26.4779600919501,19.1748175036229,21.9962193356528,12.7430199560897,23.4889461255396,20.5193357903876,22.7566182951698,23.5402577682165,22.0801056893946,20.8521924001021,24.4842605024923,16.9662002829456
"HS64.1",23.5809799647524,11.1057140859842,11.3390309163429,18.1602509659605,14.8228298055263,14.362886630264,16.4960374036286,14.9361079615409,16.9700318388637,27.8095091111792,19.6057051775844,28.7333776255628,21.5487674807732,24.3460459106421,19.6099912804958,22.5798819435319,18.0709852583194,19.1928773010656,19.0164381446174,29.5090979905884,24.6489860755599,15.5474487219855,27.1099438781604,22.015363341846,18.7109054788747,13.7546518539254,23.3403383476203,17.1120090449855,12.7870430901558,22.2495815622753,22.028290832765,16.9444442118125,24.6534097621853,19.3929276227304,18.3349629740138,20.224520783633,26.2327801172726,20.6026776872368,19.9290495024622,20.4215451051112,20.6209056523642,19.1078707492479,21.3794551310544,18.736228857968,25.9498279969729,18.9580376774082,21.31815511745,23.0198962135906,22.9373749496647,23.6566500095434,18.6792790922616,16.9050411545158,23.714354890635,14.5094894081408,15.3015056824096,20.182269254586,21.644272277218,18.9671429004901,20.6114582260088,21.7944463509554,26.6448142595128,19.6058468209783,21.8197890683494,13.6042965015226,24.0277467125087,20.9360397532885,22.7063334606497,22.8053442703115,21.3263253192148,20.2503422801233,23.315808348845,16.5687380579263
"HS64.2",23.6447095073479,10.3102190432227,11.606914247326,16.3540416042397,15.569841561249,14.0226320403235,14.0972263911208,13.6904905237751,17.0419798346566,28.1817387647644,19.4015506823991,28.6218019359328,21.1603119718721,24.2741330312061,19.2629341471621,22.4404163302031,18.0801274633947,19.8945489193693,18.8394706402513,29.5262168692349,23.9843733921766,15.1616318191525,26.888078270605,20.8917754228744,18.1952778281963,13.5851328786824,23.6502498615675,16.5127936341141,11.1038605704653,22.1549073280112,22.0980993066368,15.5884294377089,24.3416381664522,19.1890857509994,17.8839560612356,19.6718231970301,26.5353956782494,20.5478086026995,20.5710462381818,18.6332795371467,19.6681490913985,19.7219680905982,21.7549005833695,18.5008396611188,25.8080741590483,18.8156652408879,21.3341148087316,23.0224811264651,22.8492402004826,23.8980589808214,18.2116454293184,17.4322244908397,23.5490411598194,14.3903202983272,15.2691615726915,19.6079412412772,20.7569547577654,19.5912788709195,21.025378363908,21.4484991598399,25.597173749107,18.610778739189,22.1778900056944,13.4798312582272,23.3324470780974,19.8389403188921,23.1090815952307,22.9355701394928,21.4059309030653,19.8790567298274,23.4789989275549,16.8494839366673
"HS64.3",23.4665641187983,10.8442967695846,12.0747768311053,18.3422009267416,14.4089135236669,13.9448657935807,14.681366869717,14.067211257282,16.8007456303731,28.8222176838022,19.5502610010164,28.7455058575055,21.6057175523643,24.7765373803575,19.8721747805805,22.5725470469795,18.6057340388443,19.2277077486335,18.6013005593942,29.5534725821921,25.4880263592823,15.3674415024535,27.6270797040715,21.0936156206541,18.7267868262758,13.5303857615859,23.3296559734199,16.5423094535468,13.3620714554714,21.537389630886,21.3641605494894,16.3002617582108,24.2101957397689,19.4392162105835,18.388727477172,19.7321706733718,26.632380679604,20.115635484021,21.0409658878906,20.5307841554866,19.6238742622652,19.6767718710026,21.7786943927343,18.73569501474,25.9441346340099,18.9988669801406,21.6148013862871,23.1920641698362,23.2294120517216,24.2594961239128,17.6624984468532,17.0525671979048,24.4173636515966,14.0794832103331,15.4387164146888,19.5804186209321,21.5214155388644,18.824413810082,20.5710075106883,21.7235509290041,26.6011073821969,19.5082690924624,22.1666767005937,13.3406433125545,23.4920762239906,21.7335760724219,22.6664196501499,23.2581821975848,21.7533712197712,19.9378391920466,23.7923266136389,17.1240364216142
